iteration,trial_id,score,config
441,f50447d8,0.8176470588235294,"{'min_delta': 0.581, 'temperature_head': 1.6, 'latent_dim': 589, 'batch_size': 313, 'transform_funcs': (3, 11)}"
449,f7eb5a26,0.8026470588235295,"{'min_delta': 0.646, 'temperature_head': 1.4000000000000001, 'latent_dim': 55, 'batch_size': 197, 'transform_funcs': (1, 10)}"
545,8adf9769,0.8470588235294118,"{'min_delta': 0.856, 'temperature_head': 1.3, 'latent_dim': 529, 'batch_size': 207, 'transform_funcs': (8, 11)}"
600,3edd4b87,0.8158823529411764,"{'min_delta': 0.419, 'temperature_head': 1.4000000000000001, 'latent_dim': 135, 'batch_size': 460, 'transform_funcs': (1, 2)}"
694,898d70a5,0.8117647058823529,"{'min_delta': 0.766, 'temperature_head': 0.7000000000000001, 'latent_dim': 167, 'batch_size': 352, 'transform_funcs': (2, 11)}"
829,d5c1face,0.8147058823529412,"{'min_delta': 0.658, 'temperature_head': 0.2, 'latent_dim': 449, 'batch_size': 504, 'transform_funcs': (0, 2)}"
843,d1e8f8ad,0.8088235294117647,"{'min_delta': 0.515, 'temperature_head': 1.2000000000000002, 'latent_dim': 284, 'batch_size': 496, 'transform_funcs': (0, 5)}"
920,c45f2670,0.8323529411764706,"{'min_delta': 0.843, 'temperature_head': 1.7000000000000002, 'latent_dim': 264, 'batch_size': 225, 'transform_funcs': (9, 10)}"
944,21c3b90e,0.8235294117647058,"{'min_delta': 0.295, 'temperature_head': 0.7000000000000001, 'latent_dim': 177, 'batch_size': 225, 'transform_funcs': (4, 6)}"
1116,0454df73,0.8235294117647058,"{'min_delta': 0.383, 'temperature_head': 1.3, 'latent_dim': 206, 'batch_size': 329, 'transform_funcs': (2, 9)}"
1207,ec19acd8,0.8158823529411764,"{'min_delta': 0.056, 'temperature_head': 2.0, 'latent_dim': 410, 'batch_size': 274, 'transform_funcs': (8, 10)}"
1319,524836f7,0.8205882352941176,"{'min_delta': 0.499, 'temperature_head': 0.4, 'latent_dim': 344, 'batch_size': 418, 'transform_funcs': (3, 10)}"
1374,77c7e28b,0.8470588235294118,"{'min_delta': 0.251, 'temperature_head': 0.6000000000000001, 'latent_dim': 629, 'batch_size': 326, 'transform_funcs': (8, 9)}"
1505,a04232c6,0.8470588235294118,"{'min_delta': 0.5680000000000001, 'temperature_head': 0.5, 'latent_dim': 266, 'batch_size': 336, 'transform_funcs': (8, 9)}"
1515,9397e524,0.8,"{'min_delta': 0.721, 'temperature_head': 1.7000000000000002, 'latent_dim': 559, 'batch_size': 500, 'transform_funcs': (1, 3)}"
1598,46deb1b2,0.8323529411764705,"{'min_delta': 0.232, 'temperature_head': 1.7000000000000002, 'latent_dim': 646, 'batch_size': 333, 'transform_funcs': (2, 3)}"
1628,bbf3549a,0.8299999999999998,"{'min_delta': 0.01, 'temperature_head': 1.3, 'latent_dim': 279, 'batch_size': 264, 'transform_funcs': (1, 3)}"
1767,59d948c0,0.8044117647058824,"{'min_delta': 0.8160000000000001, 'temperature_head': 1.0, 'latent_dim': 19, 'batch_size': 376, 'transform_funcs': (8, 11)}"
1791,31b68e21,0.8323529411764706,"{'min_delta': 0.159, 'temperature_head': 0.8, 'latent_dim': 216, 'batch_size': 131, 'transform_funcs': (2, 4)}"
1836,bd55a4dc,0.7952941176470588,"{'min_delta': 0.223, 'temperature_head': 0.4, 'latent_dim': 687, 'batch_size': 454, 'transform_funcs': (3, 4)}"
1868,e2458569,0.8405882352941175,"{'min_delta': 0.742, 'temperature_head': 0.8, 'latent_dim': 338, 'batch_size': 318, 'transform_funcs': (1, 9)}"
2007,b1ee1f1b,0.8705882352941177,"{'min_delta': 0.885, 'temperature_head': 1.0, 'latent_dim': 499, 'batch_size': 152, 'transform_funcs': (7, 8)}"
2180,d343864c,0.8094117647058823,"{'min_delta': 0.582, 'temperature_head': 0.1, 'latent_dim': 521, 'batch_size': 389, 'transform_funcs': (8, 9)}"
2227,3e2f2c45,0.8382352941176471,"{'min_delta': 0.652, 'temperature_head': 0.5, 'latent_dim': 86, 'batch_size': 179, 'transform_funcs': (3, 9)}"
2257,8c908ba0,0.8382352941176471,"{'min_delta': 0.874, 'temperature_head': 2.0, 'latent_dim': 404, 'batch_size': 235, 'transform_funcs': (8, 11)}"
2276,391da9c4,0.8588235294117647,"{'min_delta': 0.10400000000000001, 'temperature_head': 1.1, 'latent_dim': 631, 'batch_size': 162, 'transform_funcs': (6, 7)}"
2316,20db52b6,0.818235294117647,"{'min_delta': 0.34900000000000003, 'temperature_head': 0.9, 'latent_dim': 714, 'batch_size': 282, 'transform_funcs': (4, 8)}"
2595,c4843418,0.8117647058823529,"{'min_delta': 0.888, 'temperature_head': 1.5, 'latent_dim': 493, 'batch_size': 161, 'transform_funcs': (7, 10)}"
2669,d67a6db8,0.8538235294117646,"{'min_delta': 0.792, 'temperature_head': 1.1, 'latent_dim': 566, 'batch_size': 152, 'transform_funcs': (1, 11)}"
2690,c5423a56,0.8164705882352941,"{'min_delta': 0.075, 'temperature_head': 1.1, 'latent_dim': 457, 'batch_size': 190, 'transform_funcs': (6, 7)}"
2704,2819dc82,0.8735294117647059,"{'min_delta': 0.885, 'temperature_head': 1.0, 'latent_dim': 509, 'batch_size': 130, 'transform_funcs': (7, 8)}"
2769,b19f5156,0.8294117647058824,"{'min_delta': 0.305, 'temperature_head': 0.6000000000000001, 'latent_dim': 630, 'batch_size': 293, 'transform_funcs': (0, 8)}"
3085,af056bc2,0.8352941176470589,"{'min_delta': 0.151, 'temperature_head': 1.5, 'latent_dim': 719, 'batch_size': 249, 'transform_funcs': (7, 9)}"
3089,3527a98a,0.8558823529411764,"{'min_delta': 0.085, 'temperature_head': 1.9000000000000001, 'latent_dim': 459, 'batch_size': 128, 'transform_funcs': (2, 8)}"
3102,6a385750,0.8529411764705882,"{'min_delta': 0.451, 'temperature_head': 1.2000000000000002, 'latent_dim': 598, 'batch_size': 156, 'transform_funcs': (3, 5)}"
3116,16c03a50,0.8435294117647059,"{'min_delta': 0.6990000000000001, 'temperature_head': 1.0, 'latent_dim': 386, 'batch_size': 128, 'transform_funcs': (7, 8)}"
3129,b80379ae,0.826764705882353,"{'min_delta': 0.139, 'temperature_head': 0.9, 'latent_dim': 666, 'batch_size': 207, 'transform_funcs': (6, 7)}"
3482,35c79d1e,0.8205882352941176,"{'min_delta': 0.779, 'temperature_head': 1.2000000000000002, 'latent_dim': 314, 'batch_size': 252, 'transform_funcs': (6, 8)}"
3534,645e4031,0.8529411764705882,"{'min_delta': 0.893, 'temperature_head': 0.9, 'latent_dim': 512, 'batch_size': 178, 'transform_funcs': (7, 8)}"
3561,0b48af70,0.8470588235294118,"{'min_delta': 0.672, 'temperature_head': 0.7000000000000001, 'latent_dim': 433, 'batch_size': 199, 'transform_funcs': (0, 4)}"
3567,dacfb148,0.8764705882352941,"{'min_delta': 0.8310000000000001, 'temperature_head': 1.4000000000000001, 'latent_dim': 488, 'batch_size': 139, 'transform_funcs': (7, 8)}"
3720,1300cacf,0.788235294117647,"{'min_delta': 0.616, 'temperature_head': 0.2, 'latent_dim': 587, 'batch_size': 215, 'transform_funcs': (7, 11)}"
3918,534edf5b,0.8320588235294117,"{'min_delta': 0.771, 'temperature_head': 1.8, 'latent_dim': 368, 'batch_size': 179, 'transform_funcs': (6, 10)}"
3956,74da71c0,0.8294117647058824,"{'min_delta': 0.521, 'temperature_head': 0.8, 'latent_dim': 546, 'batch_size': 290, 'transform_funcs': (5, 10)}"
3963,8daa127a,0.8264705882352941,"{'min_delta': 0.838, 'temperature_head': 0.30000000000000004, 'latent_dim': 424, 'batch_size': 302, 'transform_funcs': (0, 6)}"
4043,aace3876,0.8382352941176471,"{'min_delta': 0.709, 'temperature_head': 1.4000000000000001, 'latent_dim': 592, 'batch_size': 478, 'transform_funcs': (0, 9)}"
4114,65cbbb18,0.7970588235294118,"{'min_delta': 0.843, 'temperature_head': 1.6, 'latent_dim': 482, 'batch_size': 432, 'transform_funcs': (6, 9)}"
4280,dcab72cf,0.8294117647058824,"{'min_delta': 0.618, 'temperature_head': 1.4000000000000001, 'latent_dim': 240, 'batch_size': 349, 'transform_funcs': (0, 1)}"
4285,0adf8212,0.8411764705882353,"{'min_delta': 0.435, 'temperature_head': 1.5, 'latent_dim': 309, 'batch_size': 143, 'transform_funcs': (5, 8)}"
4384,df71f519,0.8529411764705882,"{'min_delta': 0.554, 'temperature_head': 1.6, 'latent_dim': 142, 'batch_size': 142, 'transform_funcs': (0, 3)}"
4415,a16864a5,0.8520588235294116,"{'min_delta': 0.481, 'temperature_head': 1.3, 'latent_dim': 537, 'batch_size': 226, 'transform_funcs': (9, 11)}"
4498,17f936fb,0.8294117647058824,"{'min_delta': 0.742, 'temperature_head': 1.8, 'latent_dim': 696, 'batch_size': 378, 'transform_funcs': (1, 6)}"
4641,d9f1a1de,0.8291176470588235,"{'min_delta': 0.392, 'temperature_head': 1.2000000000000002, 'latent_dim': 357, 'batch_size': 248, 'transform_funcs': (1, 8)}"
4688,0ebad1b7,0.8441176470588235,"{'min_delta': 0.8130000000000001, 'temperature_head': 1.3, 'latent_dim': 662, 'batch_size': 171, 'transform_funcs': (4, 7)}"
4768,5368ec68,0.8264705882352941,"{'min_delta': 0.6880000000000001, 'temperature_head': 1.4000000000000001, 'latent_dim': 316, 'batch_size': 271, 'transform_funcs': (1, 4)}"
4808,558a9ce1,0.8029411764705883,"{'min_delta': 0.626, 'temperature_head': 1.8, 'latent_dim': 462, 'batch_size': 403, 'transform_funcs': (0, 11)}"
4885,e35240c6,0.8294117647058824,"{'min_delta': 0.863, 'temperature_head': 1.7000000000000002, 'latent_dim': 393, 'batch_size': 192, 'transform_funcs': (4, 11)}"
5079,0030334e,0.8288235294117646,"{'min_delta': 0.028, 'temperature_head': 0.7000000000000001, 'latent_dim': 480, 'batch_size': 233, 'transform_funcs': (2, 7)}"
5091,00bf093f,0.8147058823529412,"{'min_delta': 0.195, 'temperature_head': 2.0, 'latent_dim': 69, 'batch_size': 211, 'transform_funcs': (5, 11)}"
5107,134fea75,0.8411764705882353,"{'min_delta': 0.734, 'temperature_head': 0.6000000000000001, 'latent_dim': 607, 'batch_size': 308, 'transform_funcs': (0, 7)}"
5190,72a27edc,0.8029411764705883,"{'min_delta': 0.8, 'temperature_head': 1.0, 'latent_dim': 430, 'batch_size': 448, 'transform_funcs': (1, 5)}"
5239,46ca587c,0.8523529411764705,"{'min_delta': 0.547, 'temperature_head': 1.6, 'latent_dim': 569, 'batch_size': 139, 'transform_funcs': (10, 11)}"
5367,48976522,0.8147058823529412,"{'min_delta': 0.313, 'temperature_head': 1.2000000000000002, 'latent_dim': 183, 'batch_size': 482, 'transform_funcs': (3, 7)}"
5410,b473c290,0.8294117647058824,"{'min_delta': 0.588, 'temperature_head': 0.5, 'latent_dim': 211, 'batch_size': 348, 'transform_funcs': (4, 10)}"
5539,8b0d8d83,0.8294117647058824,"{'min_delta': 0.484, 'temperature_head': 1.9000000000000001, 'latent_dim': 516, 'batch_size': 256, 'transform_funcs': (2, 5)}"
5600,81e93544,0.8470588235294118,"{'min_delta': 0.899, 'temperature_head': 0.9, 'latent_dim': 381, 'batch_size': 128, 'transform_funcs': (7, 8)}"
5631,f0c06b61,0.8441176470588235,"{'min_delta': 0.8270000000000001, 'temperature_head': 1.1, 'latent_dim': 505, 'batch_size': 160, 'transform_funcs': (7, 8)}"
5826,6f9d23a4,0.8335294117647057,"{'min_delta': 0.756, 'temperature_head': 0.8, 'latent_dim': 613, 'batch_size': 148, 'transform_funcs': (5, 6)}"
5855,f8625fdc,0.86,"{'min_delta': 0.875, 'temperature_head': 1.3, 'latent_dim': 549, 'batch_size': 166, 'transform_funcs': (5, 7)}"
5974,a7e79ec3,0.8147058823529412,"{'min_delta': 0.85, 'temperature_head': 1.1, 'latent_dim': 335, 'batch_size': 138, 'transform_funcs': (3, 11)}"
6013,b316cc92,0.8494117647058823,"{'min_delta': 0.895, 'temperature_head': 1.0, 'latent_dim': 576, 'batch_size': 202, 'transform_funcs': (6, 11)}"
6042,7cdbee76,0.828235294117647,"{'min_delta': 0.676, 'temperature_head': 0.8, 'latent_dim': 407, 'batch_size': 187, 'transform_funcs': (4, 9)}"
6234,2e9da6a0,0.8382352941176471,"{'min_delta': 0.766, 'temperature_head': 1.5, 'latent_dim': 475, 'batch_size': 222, 'transform_funcs': (4, 5)}"
6279,c2502f75,0.8411764705882353,"{'min_delta': 0.648, 'temperature_head': 0.9, 'latent_dim': 441, 'batch_size': 172, 'transform_funcs': (3, 6)}"
6396,32105d62,0.8205882352941176,"{'min_delta': 0.797, 'temperature_head': 1.1, 'latent_dim': 530, 'batch_size': 240, 'transform_funcs': (2, 6)}"
6433,0844757e,0.8470588235294118,"{'min_delta': 0.867, 'temperature_head': 1.0, 'latent_dim': 495, 'batch_size': 131, 'transform_funcs': (1, 2)}"
6537,4af747c1,0.8588235294117647,"{'min_delta': 0.715, 'temperature_head': 0.7000000000000001, 'latent_dim': 659, 'batch_size': 153, 'transform_funcs': (0, 10)}"
6576,44989567,0.8470588235294118,"{'min_delta': 0.834, 'temperature_head': 0.6000000000000001, 'latent_dim': 287, 'batch_size': 184, 'transform_funcs': (1, 7)}"
6749,16f72faa,0.8332352941176471,"{'min_delta': 0.273, 'temperature_head': 1.4000000000000001, 'latent_dim': 692, 'batch_size': 218, 'transform_funcs': (1, 10)}"
6798,d73a9128,0.8470588235294118,"{'min_delta': 0.782, 'temperature_head': 1.2000000000000002, 'latent_dim': 418, 'batch_size': 200, 'transform_funcs': (2, 10)}"
6878,d044d6fa,0.8323529411764706,"{'min_delta': 0.594, 'temperature_head': 1.5, 'latent_dim': 638, 'batch_size': 263, 'transform_funcs': (7, 8)}"
6917,4afcc22c,0.8382352941176471,"{'min_delta': 0.809, 'temperature_head': 0.4, 'latent_dim': 237, 'batch_size': 170, 'transform_funcs': (2, 11)}"
6955,06aebd35,0.8529411764705882,"{'min_delta': 0.35100000000000003, 'temperature_head': 1.3, 'latent_dim': 446, 'batch_size': 364, 'transform_funcs': (3, 8)}"
6995,3e1648ef,0.7997058823529412,"{'min_delta': 0.882, 'temperature_head': 1.7000000000000002, 'latent_dim': 9, 'batch_size': 508, 'transform_funcs': (0, 2)}"
7200,64e2404f,0.8205882352941176,"{'min_delta': 0.738, 'temperature_head': 1.0, 'latent_dim': 363, 'batch_size': 275, 'transform_funcs': (2, 9)}"
7219,b5b56602,0.8479411764705882,"{'min_delta': 0.513, 'temperature_head': 0.9, 'latent_dim': 613, 'batch_size': 150, 'transform_funcs': (0, 5)}"
7344,6eeb0363,0.8382352941176471,"{'min_delta': 0.665, 'temperature_head': 0.8, 'latent_dim': 558, 'batch_size': 193, 'transform_funcs': (2, 3)}"
7374,a7668da9,0.85,"{'min_delta': 0.76, 'temperature_head': 1.2000000000000002, 'latent_dim': 463, 'batch_size': 135, 'transform_funcs': (7, 8)}"
7642,10d30a7e,0.8264705882352941,"{'min_delta': 0.6890000000000001, 'temperature_head': 0.1, 'latent_dim': 539, 'batch_size': 241, 'transform_funcs': (8, 10)}"
7648,1f0470e2,0.8408823529411764,"{'min_delta': 0.8220000000000001, 'temperature_head': 0.5, 'latent_dim': 499, 'batch_size': 210, 'transform_funcs': (9, 10)}"
7722,8a6af1eb,0.8,"{'min_delta': 0.64, 'temperature_head': 1.6, 'latent_dim': 347, 'batch_size': 318, 'transform_funcs': (4, 6)}"
7731,67f616d4,0.8264705882352941,"{'min_delta': 0.855, 'temperature_head': 1.3, 'latent_dim': 676, 'batch_size': 291, 'transform_funcs': (5, 9)}"
7800,2e36be4b,0.8529411764705882,"{'min_delta': 0.9, 'temperature_head': 1.4000000000000001, 'latent_dim': 521, 'batch_size': 227, 'transform_funcs': (3, 10)}"
7996,e51543e7,0.8255882352941176,"{'min_delta': 0.40800000000000003, 'temperature_head': 0.30000000000000004, 'latent_dim': 387, 'batch_size': 423, 'transform_funcs': (2, 4)}"
8063,58f88248,0.8400000000000001,"{'min_delta': 0.5710000000000001, 'temperature_head': 0.6000000000000001, 'latent_dim': 294, 'batch_size': 145, 'transform_funcs': (3, 4)}"
8086,78673378,0.8470588235294118,"{'min_delta': 0.717, 'temperature_head': 0.7000000000000001, 'latent_dim': 582, 'batch_size': 340, 'transform_funcs': (0, 8)}"
8190,abd2b2ef,0.8411764705882353,"{'min_delta': 0.535, 'temperature_head': 1.1, 'latent_dim': 703, 'batch_size': 160, 'transform_funcs': (1, 11)}"
8283,fe3c7fb9,0.8461764705882352,"{'min_delta': 0.79, 'temperature_head': 1.1, 'latent_dim': 651, 'batch_size': 180, 'transform_funcs': (7, 9)}"
8360,e438c93e,0.8352941176470589,"{'min_delta': 0.456, 'temperature_head': 1.2000000000000002, 'latent_dim': 330, 'batch_size': 402, 'transform_funcs': (4, 8)}"
8501,1526dc8d,0.85,"{'min_delta': 0.609, 'temperature_head': 0.8, 'latent_dim': 476, 'batch_size': 176, 'transform_funcs': (1, 9)}"
8530,95711113,0.8252941176470587,"{'min_delta': 0.755, 'temperature_head': 1.9000000000000001, 'latent_dim': 557, 'batch_size': 283, 'transform_funcs': (7, 10)}"
8641,e1a4fe5f,0.8329411764705883,"{'min_delta': 0.729, 'temperature_head': 1.0, 'latent_dim': 599, 'batch_size': 205, 'transform_funcs': (7, 8)}"
8660,338bf7f1,0.843235294117647,"{'min_delta': 0.6990000000000001, 'temperature_head': 1.4000000000000001, 'latent_dim': 403, 'batch_size': 156, 'transform_funcs': (3, 5)}"
8717,5f34e6fb,0.8208823529411765,"{'min_delta': 0.363, 'temperature_head': 1.6, 'latent_dim': 262, 'batch_size': 232, 'transform_funcs': (3, 9)}"
8732,858e072e,0.8058823529411765,"{'min_delta': 0.181, 'temperature_head': 1.5, 'latent_dim': 107, 'batch_size': 305, 'transform_funcs': (0, 4)}"
8940,1f991536,0.8244117647058824,"{'min_delta': 0.847, 'temperature_head': 0.4, 'latent_dim': 373, 'batch_size': 193, 'transform_funcs': (6, 10)}"
9106,48d13278,0.8552941176470588,"{'min_delta': 0.884, 'temperature_head': 0.9, 'latent_dim': 488, 'batch_size': 135, 'transform_funcs': (2, 8)}"
9131,dbce42e5,0.8294117647058824,"{'min_delta': 0.638, 'temperature_head': 0.8, 'latent_dim': 422, 'batch_size': 262, 'transform_funcs': (5, 10)}"
9141,2e7b5056,0.8276470588235293,"{'min_delta': 0.245, 'temperature_head': 1.8, 'latent_dim': 450, 'batch_size': 143, 'transform_funcs': (0, 1)}"
9169,046bfc8a,0.8482352941176471,"{'min_delta': 0.321, 'temperature_head': 1.3, 'latent_dim': 628, 'batch_size': 167, 'transform_funcs': (6, 8)}"
9424,0d5e63fc,0.8376470588235294,"{'min_delta': 0.8170000000000001, 'temperature_head': 1.7000000000000002, 'latent_dim': 719, 'batch_size': 246, 'transform_funcs': (7, 11)}"
9532,cd4285df,0.8270588235294116,"{'min_delta': 0.784, 'temperature_head': 1.5, 'latent_dim': 464, 'batch_size': 359, 'transform_funcs': (1, 3)}"
9554,49b82c70,0.8470588235294118,"{'min_delta': 0.865, 'temperature_head': 0.9, 'latent_dim': 525, 'batch_size': 184, 'transform_funcs': (9, 11)}"
9561,70318628,0.8352941176470589,"{'min_delta': 0.834, 'temperature_head': 1.2000000000000002, 'latent_dim': 571, 'batch_size': 216, 'transform_funcs': (6, 9)}"
9738,9cd03ea7,0.7970588235294118,"{'min_delta': 0.658, 'temperature_head': 1.2000000000000002, 'latent_dim': 38, 'batch_size': 256, 'transform_funcs': (0, 6)}"
9782,3cb27674,0.8235294117647058,"{'min_delta': 0.899, 'temperature_head': 0.2, 'latent_dim': 680, 'batch_size': 297, 'transform_funcs': (5, 8)}"
9848,1bf2be6f,0.8205882352941176,"{'min_delta': 0.106, 'temperature_head': 0.7000000000000001, 'latent_dim': 512, 'batch_size': 487, 'transform_funcs': (7, 8)}"
9958,2cb3f5a8,0.841764705882353,"{'min_delta': 0.687, 'temperature_head': 1.1, 'latent_dim': 397, 'batch_size': 129, 'transform_funcs': (8, 9)}"
9978,5b8de24c,0.8423529411764706,"{'min_delta': 0.484, 'temperature_head': 1.0, 'latent_dim': 441, 'batch_size': 165, 'transform_funcs': (10, 11)}"
10063,8003a296,0.82,"{'min_delta': 0.432, 'temperature_head': 1.4000000000000001, 'latent_dim': 323, 'batch_size': 323, 'transform_funcs': (4, 7)}"
10228,e3d2d94d,0.8294117647058824,"{'min_delta': 0.807, 'temperature_head': 0.5, 'latent_dim': 539, 'batch_size': 150, 'transform_funcs': (0, 3)}"
10240,c64a5e17,0.8058823529411765,"{'min_delta': 0.598, 'temperature_head': 1.3, 'latent_dim': 352, 'batch_size': 389, 'transform_funcs': (0, 9)}"
10374,2c42c20a,0.8294117647058824,"{'min_delta': 0.881, 'temperature_head': 0.7000000000000001, 'latent_dim': 196, 'batch_size': 464, 'transform_funcs': (4, 11)}"
10416,792b1861,0.8647058823529412,"{'min_delta': 0.748, 'temperature_head': 1.6, 'latent_dim': 625, 'batch_size': 273, 'transform_funcs': (0, 11)}"
10448,83470272,0.8791176470588236,"{'min_delta': 0.5640000000000001, 'temperature_head': 0.9, 'latent_dim': 585, 'batch_size': 195, 'transform_funcs': (1, 8)}"
10566,4aaeaf2b,0.8470588235294118,"{'min_delta': 0.706, 'temperature_head': 1.9000000000000001, 'latent_dim': 262, 'batch_size': 173, 'transform_funcs': (1, 4)}"
10606,eba2e940,0.8352941176470589,"{'min_delta': 0.778, 'temperature_head': 1.0, 'latent_dim': 411, 'batch_size': 128, 'transform_funcs': (8, 11)}"
10800,d3908dcb,0.8529411764705882,"{'min_delta': 0.506, 'temperature_head': 0.6000000000000001, 'latent_dim': 232, 'batch_size': 158, 'transform_funcs': (1, 6)}"
10821,1153973d,0.8399999999999999,"{'min_delta': 0.856, 'temperature_head': 1.1, 'latent_dim': 499, 'batch_size': 222, 'transform_funcs': (7, 8)}"
10924,fb0513be,0.8441176470588235,"{'min_delta': 0.538, 'temperature_head': 0.30000000000000004, 'latent_dim': 551, 'batch_size': 330, 'transform_funcs': (5, 11)}"
11015,814996a3,0.8558823529411764,"{'min_delta': 0.277, 'temperature_head': 0.9, 'latent_dim': 583, 'batch_size': 202, 'transform_funcs': (2, 7)}"
11046,74be1fa0,0.8294117647058824,"{'min_delta': 0.5740000000000001, 'temperature_head': 2.0, 'latent_dim': 639, 'batch_size': 237, 'transform_funcs': (2, 5)}"
11269,e0a30e16,0.8470588235294118,"{'min_delta': 0.338, 'temperature_head': 0.7000000000000001, 'latent_dim': 609, 'batch_size': 188, 'transform_funcs': (0, 7)}"
11328,b23d5be9,0.8258823529411764,"{'min_delta': 0.377, 'temperature_head': 0.5, 'latent_dim': 665, 'batch_size': 311, 'transform_funcs': (1, 5)}"
11367,4bc23956,0.8411764705882353,"{'min_delta': 0.556, 'temperature_head': 0.8, 'latent_dim': 565, 'batch_size': 210, 'transform_funcs': (4, 10)}"
11521,775e9072,0.85,"{'min_delta': 0.467, 'temperature_head': 1.3, 'latent_dim': 600, 'batch_size': 280, 'transform_funcs': (5, 6)}"
11526,dde8a425,0.8420588235294117,"{'min_delta': 0.421, 'temperature_head': 1.4000000000000001, 'latent_dim': 649, 'batch_size': 138, 'transform_funcs': (1, 10)}"
11626,38cf6615,0.8464705882352941,"{'min_delta': 0.617, 'temperature_head': 0.9, 'latent_dim': 144, 'batch_size': 194, 'transform_funcs': (5, 7)}"
11703,3711fffa,0.85,"{'min_delta': 0.295, 'temperature_head': 0.6000000000000001, 'latent_dim': 305, 'batch_size': 229, 'transform_funcs': (1, 8)}"
11912,a2a5422f,0.8441176470588235,"{'min_delta': 0.035, 'temperature_head': 0.1, 'latent_dim': 706, 'batch_size': 339, 'transform_funcs': (1, 8)}"
11962,8d8faf83,0.8235294117647058,"{'min_delta': 0.388, 'temperature_head': 1.8, 'latent_dim': 529, 'batch_size': 266, 'transform_funcs': (3, 7)}"
11985,fbf19cc4,0.8205882352941176,"{'min_delta': 0.218, 'temperature_head': 1.0, 'latent_dim': 474, 'batch_size': 164, 'transform_funcs': (6, 11)}"
12087,61368cc7,0.85,"{'min_delta': 0.526, 'temperature_head': 1.2000000000000002, 'latent_dim': 614, 'batch_size': 180, 'transform_funcs': (4, 9)}"
12096,637b8391,0.8294117647058824,"{'min_delta': 0.633, 'temperature_head': 1.5, 'latent_dim': 433, 'batch_size': 372, 'transform_funcs': (3, 11)}"
12361,f175f9e5,0.8529411764705882,"{'min_delta': 0.122, 'temperature_head': 1.1, 'latent_dim': 587, 'batch_size': 151, 'transform_funcs': (1, 7)}"
12379,9b8e8e0c,0.8441176470588235,"{'min_delta': 0.727, 'temperature_head': 0.8, 'latent_dim': 505, 'batch_size': 129, 'transform_funcs': (3, 6)}"
12420,5b63ba59,0.8441176470588235,"{'min_delta': 0.8290000000000001, 'temperature_head': 1.0, 'latent_dim': 488, 'batch_size': 148, 'transform_funcs': (0, 10)}"
12472,68336f82,0.8297058823529412,"{'min_delta': 0.772, 'temperature_head': 0.9, 'latent_dim': 462, 'batch_size': 171, 'transform_funcs': (7, 8)}"
12476,7c52d246,0.8573529411764707,"{'min_delta': 0.673, 'temperature_head': 1.3, 'latent_dim': 377, 'batch_size': 142, 'transform_funcs': (2, 10)}"
12783,fe96743f,0.8294117647058824,"{'min_delta': 0.805, 'temperature_head': 1.1, 'latent_dim': 545, 'batch_size': 155, 'transform_funcs': (4, 5)}"
12818,d1011584,0.8529411764705882,"{'min_delta': 0.743, 'temperature_head': 0.8, 'latent_dim': 517, 'batch_size': 186, 'transform_funcs': (2, 11)}"
12871,3ddd27b2,0.8285294117647058,"{'min_delta': 0.843, 'temperature_head': 0.7000000000000001, 'latent_dim': 572, 'batch_size': 199, 'transform_funcs': (0, 5)}"
12872,c666bc92,0.8176470588235294,"{'min_delta': 0.795, 'temperature_head': 0.6000000000000001, 'latent_dim': 431, 'batch_size': 213, 'transform_funcs': (1, 8)}"
12955,4ccd6e95,0.861764705882353,"{'min_delta': 0.874, 'temperature_head': 1.2000000000000002, 'latent_dim': 681, 'batch_size': 135, 'transform_funcs': (2, 6)}"
13185,8bc50629,0.8529411764705882,"{'min_delta': 0.894, 'temperature_head': 0.9, 'latent_dim': 448, 'batch_size': 176, 'transform_funcs': (5, 9)}"
13263,04e3f0e2,0.8288235294117646,"{'min_delta': 0.714, 'temperature_head': 1.1, 'latent_dim': 420, 'batch_size': 129, 'transform_funcs': (2, 9)}"
13272,b32cbe4d,0.8411764705882353,"{'min_delta': 0.654, 'temperature_head': 1.4000000000000001, 'latent_dim': 534, 'batch_size': 162, 'transform_funcs': (3, 8)}"
13299,4c6c537d,0.8411764705882353,"{'min_delta': 0.404, 'temperature_head': 0.4, 'latent_dim': 624, 'batch_size': 248, 'transform_funcs': (0, 2)}"
13370,841dc8d6,0.8558823529411764,"{'min_delta': 0.862, 'temperature_head': 1.0, 'latent_dim': 558, 'batch_size': 143, 'transform_funcs': (1, 2)}"
13595,0117122a,0.8394117647058824,"{'min_delta': 0.498, 'temperature_head': 0.8, 'latent_dim': 365, 'batch_size': 221, 'transform_funcs': (8, 10)}"
13680,550c7466,0.8147058823529412,"{'min_delta': 0.761, 'temperature_head': 1.3, 'latent_dim': 387, 'batch_size': 444, 'transform_funcs': (4, 6)}"
13682,a415eba6,0.818529411764706,"{'min_delta': 0.602, 'temperature_head': 0.9, 'latent_dim': 495, 'batch_size': 195, 'transform_funcs': (6, 7)}"
13697,04f4c83c,0.8332352941176471,"{'min_delta': 0.171, 'temperature_head': 1.2000000000000002, 'latent_dim': 471, 'batch_size': 206, 'transform_funcs': (2, 3)}"
13881,b2d23eb9,0.856764705882353,"{'min_delta': 0.6880000000000001, 'temperature_head': 1.0, 'latent_dim': 588, 'batch_size': 157, 'transform_funcs': (3, 10)}"
14015,b8b03d22,0.8491176470588234,"{'min_delta': 0.8200000000000001, 'temperature_head': 1.7000000000000002, 'latent_dim': 506, 'batch_size': 186, 'transform_funcs': (2, 4)}"
14043,f5c40307,0.8217647058823528,"{'min_delta': 0.002, 'temperature_head': 0.7000000000000001, 'latent_dim': 346, 'batch_size': 241, 'transform_funcs': (7, 8)}"
14074,e0d794e9,0.8402941176470587,"{'min_delta': 0.896, 'temperature_head': 1.1, 'latent_dim': 275, 'batch_size': 136, 'transform_funcs': (1, 9)}"
14171,3647ae50,0.8361764705882353,"{'min_delta': 0.443, 'temperature_head': 1.5, 'latent_dim': 659, 'batch_size': 170, 'transform_funcs': (3, 4)}"
14274,86d4f22d,0.8411764705882353,"{'min_delta': 0.5640000000000001, 'temperature_head': 0.8, 'latent_dim': 452, 'batch_size': 180, 'transform_funcs': (4, 8)}"
14456,26769339,0.8126470588235295,"{'min_delta': 0.842, 'temperature_head': 1.2000000000000002, 'latent_dim': 482, 'batch_size': 406, 'transform_funcs': (1, 11)}"
14472,9ab56724,0.8217647058823528,"{'min_delta': 0.07200000000000001, 'temperature_head': 1.0, 'latent_dim': 408, 'batch_size': 233, 'transform_funcs': (0, 8)}"
14521,de9c2cb8,0.8305882352941175,"{'min_delta': 0.209, 'temperature_head': 0.9, 'latent_dim': 523, 'batch_size': 147, 'transform_funcs': (7, 10)}"
14613,3df7534b,0.8764705882352941,"{'min_delta': 0.791, 'temperature_head': 1.2000000000000002, 'latent_dim': 549, 'batch_size': 259, 'transform_funcs': (7, 9)}"
14766,17f5dee1,0.8382352941176471,"{'min_delta': 0.587, 'temperature_head': 1.4000000000000001, 'latent_dim': 641, 'batch_size': 216, 'transform_funcs': (7, 8)}"
14951,61aed8b7,0.8352941176470589,"{'min_delta': 0.7000000000000001, 'temperature_head': 1.3, 'latent_dim': 577, 'batch_size': 286, 'transform_funcs': (1, 3)}"
14967,4f4ffdc0,0.843235294117647,"{'min_delta': 0.899, 'temperature_head': 0.6000000000000001, 'latent_dim': 610, 'batch_size': 132, 'transform_funcs': (2, 8)}"
14973,4538bd3c,0.8676470588235294,"{'min_delta': 0.771, 'temperature_head': 0.5, 'latent_dim': 690, 'batch_size': 162, 'transform_funcs': (3, 9)}"
15085,35b6240b,0.8382352941176471,"{'min_delta': 0.258, 'temperature_head': 1.1, 'latent_dim': 600, 'batch_size': 205, 'transform_funcs': (6, 10)}"
15230,812411fd,0.8294117647058824,"{'min_delta': 0.673, 'temperature_head': 1.6, 'latent_dim': 552, 'batch_size': 315, 'transform_funcs': (7, 9)}"
15427,5e9533bc,0.8588235294117647,"{'min_delta': 0.627, 'temperature_head': 1.7000000000000002, 'latent_dim': 632, 'batch_size': 266, 'transform_funcs': (3, 5)}"
15443,f758222e,0.8291176470588235,"{'min_delta': 0.468, 'temperature_head': 1.4000000000000001, 'latent_dim': 533, 'batch_size': 256, 'transform_funcs': (9, 10)}"
15479,94b4cbd0,0.8405882352941176,"{'min_delta': 0.733, 'temperature_head': 1.5, 'latent_dim': 668, 'batch_size': 296, 'transform_funcs': (7, 9)}"
15568,cc3fdd4a,0.8088235294117647,"{'min_delta': 0.794, 'temperature_head': 1.2000000000000002, 'latent_dim': 716, 'batch_size': 275, 'transform_funcs': (7, 9)}"
15641,dfbdc759,0.8279411764705882,"{'min_delta': 0.749, 'temperature_head': 1.5, 'latent_dim': 512, 'batch_size': 249, 'transform_funcs': (0, 4)}"
15897,dec5fe01,0.841764705882353,"{'min_delta': 0.72, 'temperature_head': 1.3, 'latent_dim': 618, 'batch_size': 228, 'transform_funcs': (7, 11)}"
15927,d8b0d9de,0.8352941176470589,"{'min_delta': 0.66, 'temperature_head': 1.6, 'latent_dim': 560, 'batch_size': 302, 'transform_funcs': (6, 8)}"
15946,6abba447,0.8270588235294116,"{'min_delta': 0.541, 'temperature_head': 1.1, 'latent_dim': 596, 'batch_size': 263, 'transform_funcs': (5, 10)}"
16050,d708e02a,0.8229411764705882,"{'min_delta': 0.8220000000000001, 'temperature_head': 1.2000000000000002, 'latent_dim': 481, 'batch_size': 347, 'transform_funcs': (9, 11)}"
16054,c6372544,0.8235294117647058,"{'min_delta': 0.332, 'temperature_head': 1.3, 'latent_dim': 699, 'batch_size': 238, 'transform_funcs': (0, 1)}"
16305,7dcc6f2e,0.8411764705882353,"{'min_delta': 0.873, 'temperature_head': 1.4000000000000001, 'latent_dim': 436, 'batch_size': 222, 'transform_funcs': (0, 6)}"
16399,e1092cee,0.826764705882353,"{'min_delta': 0.519, 'temperature_head': 1.0, 'latent_dim': 650, 'batch_size': 286, 'transform_funcs': (1, 8)}"
16403,46a22000,0.8232352941176471,"{'min_delta': 0.805, 'temperature_head': 1.6, 'latent_dim': 543, 'batch_size': 245, 'transform_funcs': (4, 7)}"
16444,7d737452,0.8470588235294118,"{'min_delta': 0.858, 'temperature_head': 0.9, 'latent_dim': 335, 'batch_size': 253, 'transform_funcs': (6, 9)}"
16464,710bb479,0.8414705882352941,"{'min_delta': 0.645, 'temperature_head': 1.0, 'latent_dim': 396, 'batch_size': 193, 'transform_funcs': (8, 9)}"
16749,a06ef820,0.8294117647058824,"{'min_delta': 0.5, 'temperature_head': 0.7000000000000001, 'latent_dim': 467, 'batch_size': 211, 'transform_funcs': (10, 11)}"
16868,fcaf436d,0.8385294117647059,"{'min_delta': 0.6880000000000001, 'temperature_head': 0.8, 'latent_dim': 571, 'batch_size': 200, 'transform_funcs': (0, 11)}"
16876,c66e12b0,0.808235294117647,"{'min_delta': 0.5750000000000001, 'temperature_head': 1.2000000000000002, 'latent_dim': 494, 'batch_size': 330, 'transform_funcs': (0, 3)}"
16878,08effe1e,0.8264705882352941,"{'min_delta': 0.361, 'temperature_head': 1.1, 'latent_dim': 455, 'batch_size': 178, 'transform_funcs': (1, 6)}"
16886,69046406,0.8352941176470589,"{'min_delta': 0.784, 'temperature_head': 1.8, 'latent_dim': 522, 'batch_size': 280, 'transform_funcs': (8, 11)}"
17152,8ba32905,0.8205882352941176,"{'min_delta': 0.835, 'temperature_head': 1.4000000000000001, 'latent_dim': 422, 'batch_size': 258, 'transform_funcs': (0, 9)}"
17250,2bf06d0a,0.8411764705882353,"{'min_delta': 0.751, 'temperature_head': 1.3, 'latent_dim': 368, 'batch_size': 310, 'transform_funcs': (2, 7)}"
17316,1dfb89fc,0.8323529411764706,"{'min_delta': 0.61, 'temperature_head': 1.1, 'latent_dim': 549, 'batch_size': 270, 'transform_funcs': (1, 4)}"
17338,92a44755,0.8223529411764705,"{'min_delta': 0.771, 'temperature_head': 1.5, 'latent_dim': 584, 'batch_size': 293, 'transform_funcs': (4, 10)}"
17381,ece71bf4,0.8441176470588235,"{'min_delta': 0.711, 'temperature_head': 1.2000000000000002, 'latent_dim': 641, 'batch_size': 189, 'transform_funcs': (4, 11)}"
17638,624f46d3,0.8379411764705882,"{'min_delta': 0.882, 'temperature_head': 1.0, 'latent_dim': 670, 'batch_size': 168, 'transform_funcs': (0, 7)}"
17742,91264364,0.8117647058823529,"{'min_delta': 0.849, 'temperature_head': 1.3, 'latent_dim': 316, 'batch_size': 355, 'transform_funcs': (0, 10)}"
17745,28dd2df2,0.8323529411764706,"{'min_delta': 0.625, 'temperature_head': 1.7000000000000002, 'latent_dim': 504, 'batch_size': 220, 'transform_funcs': (3, 7)}"
17762,2879f364,0.8382352941176471,"{'min_delta': 0.552, 'temperature_head': 0.7000000000000001, 'latent_dim': 625, 'batch_size': 230, 'transform_funcs': (5, 11)}"
17833,107b71a7,0.8147058823529412,"{'min_delta': 0.731, 'temperature_head': 0.4, 'latent_dim': 684, 'batch_size': 320, 'transform_funcs': (1, 5)}"
18023,91d1b7ea,0.8176470588235294,"{'min_delta': 0.458, 'temperature_head': 0.9, 'latent_dim': 442, 'batch_size': 206, 'transform_funcs': (5, 8)}"
18107,77f97764,0.8088235294117647,"{'min_delta': 0.8200000000000001, 'temperature_head': 0.8, 'latent_dim': 295, 'batch_size': 237, 'transform_funcs': (2, 5)}"
18224,2a39c358,0.8647058823529412,"{'min_delta': 0.41300000000000003, 'temperature_head': 0.30000000000000004, 'latent_dim': 596, 'batch_size': 154, 'transform_funcs': (5, 7)}"
18236,6830a843,0.8205882352941176,"{'min_delta': 0.14200000000000002, 'temperature_head': 0.6000000000000001, 'latent_dim': 536, 'batch_size': 175, 'transform_funcs': (5, 6)}"
18241,fe8e08ea,0.8323529411764706,"{'min_delta': 0.675, 'temperature_head': 1.9000000000000001, 'latent_dim': 403, 'batch_size': 144, 'transform_funcs': (3, 11)}"
18523,1090bbc7,0.8297058823529412,"{'min_delta': 0.8, 'temperature_head': 1.2000000000000002, 'latent_dim': 483, 'batch_size': 387, 'transform_funcs': (3, 8)}"
18558,0be3cacf,0.8088235294117647,"{'min_delta': 0.47900000000000004, 'temperature_head': 0.2, 'latent_dim': 578, 'batch_size': 197, 'transform_funcs': (6, 11)}"
18580,3d30f585,0.816764705882353,"{'min_delta': 0.586, 'temperature_head': 0.9, 'latent_dim': 163, 'batch_size': 129, 'transform_funcs': (1, 10)}"
18708,7d5fe262,0.8394117647058824,"{'min_delta': 0.647, 'temperature_head': 1.4000000000000001, 'latent_dim': 563, 'batch_size': 185, 'transform_funcs': (4, 5)}"
18747,38db152d,0.8429411764705883,"{'min_delta': 0.7020000000000001, 'temperature_head': 1.1, 'latent_dim': 717, 'batch_size': 215, 'transform_funcs': (1, 7)}"
18886,48781f70,0.8470588235294118,"{'min_delta': 0.307, 'temperature_head': 1.6, 'latent_dim': 251, 'batch_size': 168, 'transform_funcs': (4, 9)}"
19023,7c7771cf,0.8176470588235294,"{'min_delta': 0.427, 'temperature_head': 1.5, 'latent_dim': 516, 'batch_size': 497, 'transform_funcs': (2, 11)}"
19077,43043f75,0.8382352941176471,"{'min_delta': 0.865, 'temperature_head': 1.3, 'latent_dim': 652, 'batch_size': 304, 'transform_funcs': (2, 6)}"
19093,db348b56,0.8285294117647058,"{'min_delta': 0.765, 'temperature_head': 1.0, 'latent_dim': 415, 'batch_size': 277, 'transform_funcs': (7, 9)}"
19095,9059f99f,0.8058823529411765,"{'min_delta': 0.897, 'temperature_head': 0.8, 'latent_dim': 385, 'batch_size': 226, 'transform_funcs': (3, 6)}"
19311,9689a556,0.8441176470588235,"{'min_delta': 0.785, 'temperature_head': 1.4000000000000001, 'latent_dim': 462, 'batch_size': 367, 'transform_funcs': (1, 8)}"
19418,2b99a01d,0.8676470588235294,"{'min_delta': 0.739, 'temperature_head': 1.1, 'latent_dim': 225, 'batch_size': 142, 'transform_funcs': (2, 4)}"
19432,ed1234e5,0.8676470588235294,"{'min_delta': 0.8270000000000001, 'temperature_head': 1.2000000000000002, 'latent_dim': 359, 'batch_size': 153, 'transform_funcs': (6, 7)}"
19473,9ba934aa,0.8147058823529412,"{'min_delta': 0.382, 'temperature_head': 0.7000000000000001, 'latent_dim': 611, 'batch_size': 245, 'transform_funcs': (2, 10)}"
19530,834c9950,0.8529411764705882,"{'min_delta': 0.9, 'temperature_head': 0.9, 'latent_dim': 493, 'batch_size': 159, 'transform_funcs': (0, 2)}"
19657,107710a1,0.8264705882352941,"{'min_delta': 0.606, 'temperature_head': 2.0, 'latent_dim': 88, 'batch_size': 253, 'transform_funcs': (8, 10)}"
19775,65cf0739,0.8382352941176471,"{'min_delta': 0.23600000000000002, 'temperature_head': 0.5, 'latent_dim': 531, 'batch_size': 200, 'transform_funcs': (2, 9)}"
19925,ba85b6e1,0.8285294117647058,"{'min_delta': 0.872, 'temperature_head': 1.0, 'latent_dim': 475, 'batch_size': 209, 'transform_funcs': (2, 3)}"
19940,ad7e109e,0.8161764705882353,"{'min_delta': 0.846, 'temperature_head': 1.8, 'latent_dim': 706, 'batch_size': 341, 'transform_funcs': (4, 6)}"
19951,b86af5cc,0.8764705882352941,"{'min_delta': 0.665, 'temperature_head': 1.6, 'latent_dim': 550, 'batch_size': 190, 'transform_funcs': (9, 10)}"
20063,bcd5b4e1,0.8323529411764706,"{'min_delta': 0.53, 'temperature_head': 1.3, 'latent_dim': 434, 'batch_size': 267, 'transform_funcs': (1, 2)}"
20191,ce24c060,0.8676470588235294,"{'min_delta': 0.28400000000000003, 'temperature_head': 1.7000000000000002, 'latent_dim': 505, 'batch_size': 137, 'transform_funcs': (3, 10)}"
20379,7876c399,0.8088235294117647,"{'min_delta': 0.6890000000000001, 'temperature_head': 1.1, 'latent_dim': 455, 'batch_size': 289, 'transform_funcs': (1, 3)}"
20391,7cd8a9f1,0.8444117647058823,"{'min_delta': 0.806, 'temperature_head': 1.5, 'latent_dim': 592, 'batch_size': 179, 'transform_funcs': (0, 5)}"
20459,f920e904,0.8411764705882353,"{'min_delta': 0.715, 'temperature_head': 1.2000000000000002, 'latent_dim': 632, 'batch_size': 233, 'transform_funcs': (7, 8)}"
20544,0838a445,0.8526470588235295,"{'min_delta': 0.56, 'temperature_head': 1.9000000000000001, 'latent_dim': 552, 'batch_size': 221, 'transform_funcs': (9, 10)}"
20651,02f8fdef,0.8299999999999998,"{'min_delta': 0.505, 'temperature_head': 1.6, 'latent_dim': 665, 'batch_size': 297, 'transform_funcs': (7, 10)}"
20850,54397a9e,0.8264705882352941,"{'min_delta': 0.639, 'temperature_head': 1.7000000000000002, 'latent_dim': 571, 'batch_size': 240, 'transform_funcs': (5, 9)}"
20877,d62aa3dd,0.8370588235294119,"{'min_delta': 0.658, 'temperature_head': 1.8, 'latent_dim': 693, 'batch_size': 189, 'transform_funcs': (3, 4)}"
20927,070c9366,0.8352941176470589,"{'min_delta': 0.593, 'temperature_head': 1.9000000000000001, 'latent_dim': 542, 'batch_size': 258, 'transform_funcs': (9, 10)}"
20989,fa80569c,0.8294117647058824,"{'min_delta': 0.628, 'temperature_head': 1.6, 'latent_dim': 603, 'batch_size': 195, 'transform_funcs': (4, 8)}"
21117,efd803aa,0.8382352941176471,"{'min_delta': 0.486, 'temperature_head': 1.8, 'latent_dim': 618, 'batch_size': 213, 'transform_funcs': (9, 10)}"
21348,c3a1862f,0.8558823529411764,"{'min_delta': 0.444, 'temperature_head': 1.6, 'latent_dim': 655, 'batch_size': 165, 'transform_funcs': (0, 8)}"
21365,37108ebc,0.8411764705882353,"{'min_delta': 0.541, 'temperature_head': 1.5, 'latent_dim': 524, 'batch_size': 226, 'transform_funcs': (0, 4)}"
21381,62322811,0.841764705882353,"{'min_delta': 0.614, 'temperature_head': 1.4000000000000001, 'latent_dim': 636, 'batch_size': 283, 'transform_funcs': (7, 9)}"
21499,9a446d86,0.8470588235294118,"{'min_delta': 0.678, 'temperature_head': 1.7000000000000002, 'latent_dim': 676, 'batch_size': 204, 'transform_funcs': (1, 9)}"
21536,7c1e38fb,0.8264705882352941,"{'min_delta': 0.5720000000000001, 'temperature_head': 2.0, 'latent_dim': 493, 'batch_size': 270, 'transform_funcs': (1, 11)}"
21833,7ce51e22,0.8588235294117647,"{'min_delta': 0.753, 'temperature_head': 1.5, 'latent_dim': 574, 'batch_size': 244, 'transform_funcs': (9, 11)}"
21841,a9a35bad,0.8370588235294116,"{'min_delta': 0.669, 'temperature_head': 1.4000000000000001, 'latent_dim': 560, 'batch_size': 234, 'transform_funcs': (1, 8)}"
21859,a171893b,0.8205882352941176,"{'min_delta': 0.581, 'temperature_head': 1.6, 'latent_dim': 337, 'batch_size': 325, 'transform_funcs': (6, 8)}"
21869,4f6222ab,0.8629411764705883,"{'min_delta': 0.725, 'temperature_head': 1.9000000000000001, 'latent_dim': 587, 'batch_size': 184, 'transform_funcs': (3, 9)}"
21950,b826cb5c,0.8235294117647058,"{'min_delta': 0.527, 'temperature_head': 1.7000000000000002, 'latent_dim': 511, 'batch_size': 252, 'transform_funcs': (3, 5)}"
22247,d13dd9d5,0.8176470588235294,"{'min_delta': 0.7000000000000001, 'temperature_head': 1.3, 'latent_dim': 376, 'batch_size': 435, 'transform_funcs': (6, 10)}"
22270,3d6a52a5,0.861764705882353,"{'min_delta': 0.763, 'temperature_head': 0.9, 'latent_dim': 449, 'batch_size': 129, 'transform_funcs': (5, 10)}"
22301,00642cba,0.8544117647058824,"{'min_delta': 0.781, 'temperature_head': 1.2000000000000002, 'latent_dim': 541, 'batch_size': 172, 'transform_funcs': (7, 8)}"
22310,cbb4c664,0.8411764705882353,"{'min_delta': 0.732, 'temperature_head': 1.5, 'latent_dim': 466, 'batch_size': 150, 'transform_funcs': (0, 6)}"
22381,77002c11,0.8264705882352941,"{'min_delta': 0.8140000000000001, 'temperature_head': 1.3, 'latent_dim': 485, 'batch_size': 163, 'transform_funcs': (2, 8)}"
22655,86057ccd,0.8620588235294118,"{'min_delta': 0.65, 'temperature_head': 1.1, 'latent_dim': 424, 'batch_size': 141, 'transform_funcs': (6, 9)}"
22741,0ddd14e6,0.8547058823529412,"{'min_delta': 0.834, 'temperature_head': 1.4000000000000001, 'latent_dim': 607, 'batch_size': 157, 'transform_funcs': (7, 11)}"
22761,99ff4742,0.8411764705882353,"{'min_delta': 0.793, 'temperature_head': 1.2000000000000002, 'latent_dim': 522, 'batch_size': 181, 'transform_funcs': (0, 11)}"
22774,d568e54d,0.8529411764705882,"{'min_delta': 0.744, 'temperature_head': 1.0, 'latent_dim': 558, 'batch_size': 150, 'transform_funcs': (8, 9)}"
22816,7b92bb53,0.8382352941176471,"{'min_delta': 0.854, 'temperature_head': 0.8, 'latent_dim': 622, 'batch_size': 175, 'transform_funcs': (0, 9)}"
23110,a5f01a0e,0.8911764705882353,"{'min_delta': 0.6, 'temperature_head': 1.4000000000000001, 'latent_dim': 510, 'batch_size': 136, 'transform_funcs': (0, 3)}"
23154,2a963eb2,0.8029411764705883,"{'min_delta': 0.629, 'temperature_head': 0.9, 'latent_dim': 397, 'batch_size': 465, 'transform_funcs': (8, 11)}"
23164,da77edd5,0.8088235294117647,"{'min_delta': 0.882, 'temperature_head': 1.0, 'latent_dim': 535, 'batch_size': 192, 'transform_funcs': (4, 7)}"
23202,a96d6a6c,0.8441176470588235,"{'min_delta': 0.6960000000000001, 'temperature_head': 1.3, 'latent_dim': 593, 'batch_size': 199, 'transform_funcs': (0, 1)}"
23225,0d35b6a5,0.8382352941176471,"{'min_delta': 0.774, 'temperature_head': 1.5, 'latent_dim': 572, 'batch_size': 217, 'transform_funcs': (1, 4)}"
23549,4fa9a4b6,0.8529411764705882,"{'min_delta': 0.719, 'temperature_head': 0.6000000000000001, 'latent_dim': 475, 'batch_size': 130, 'transform_funcs': (5, 11)}"
23609,595f808b,0.85,"{'min_delta': 0.516, 'temperature_head': 1.4000000000000001, 'latent_dim': 431, 'batch_size': 169, 'transform_funcs': (0, 3)}"
23644,43cd6c54,0.8441176470588235,"{'min_delta': 0.562, 'temperature_head': 1.6, 'latent_dim': 511, 'batch_size': 135, 'transform_funcs': (5, 8)}"
23681,80db79ab,0.8411764705882353,"{'min_delta': 0.595, 'temperature_head': 1.7000000000000002, 'latent_dim': 549, 'batch_size': 208, 'transform_funcs': (1, 6)}"
23712,494c2695,0.8411764705882353,"{'min_delta': 0.489, 'temperature_head': 1.8, 'latent_dim': 641, 'batch_size': 146, 'transform_funcs': (0, 3)}"
23973,2cadaca0,0.8314705882352941,"{'min_delta': 0.467, 'temperature_head': 1.4000000000000001, 'latent_dim': 498, 'batch_size': 161, 'transform_funcs': (0, 3)}"
24048,2a9afaa5,0.8591176470588235,"{'min_delta': 0.665, 'temperature_head': 1.5, 'latent_dim': 414, 'batch_size': 188, 'transform_funcs': (9, 10)}"
24109,c2e55d9f,0.8352941176470589,"{'min_delta': 0.613, 'temperature_head': 1.3, 'latent_dim': 603, 'batch_size': 177, 'transform_funcs': (4, 10)}"
24148,7996118d,0.8373529411764705,"{'min_delta': 0.554, 'temperature_head': 1.8, 'latent_dim': 447, 'batch_size': 260, 'transform_funcs': (10, 11)}"
24181,5e6ee92b,0.8470588235294118,"{'min_delta': 0.642, 'temperature_head': 1.6, 'latent_dim': 582, 'batch_size': 228, 'transform_funcs': (0, 7)}"
24399,e83c804b,0.8588235294117647,"{'min_delta': 0.599, 'temperature_head': 1.7000000000000002, 'latent_dim': 560, 'batch_size': 139, 'transform_funcs': (5, 6)}"
24457,cf9a9fbe,0.8205882352941176,"{'min_delta': 0.54, 'temperature_head': 1.5, 'latent_dim': 471, 'batch_size': 217, 'transform_funcs': (2, 5)}"
24547,7024a6aa,0.8102941176470588,"{'min_delta': 0.4, 'temperature_head': 1.3, 'latent_dim': 511, 'batch_size': 379, 'transform_funcs': (5, 7)}"
24555,07388a85,0.8558823529411764,"{'min_delta': 0.682, 'temperature_head': 1.4000000000000001, 'latent_dim': 526, 'batch_size': 153, 'transform_funcs': (6, 11)}"
24654,a3260115,0.8264705882352941,"{'min_delta': 0.511, 'temperature_head': 1.6, 'latent_dim': 653, 'batch_size': 196, 'transform_funcs': (2, 7)}"
24878,36f57a28,0.8088235294117647,"{'min_delta': 0.621, 'temperature_head': 1.2000000000000002, 'latent_dim': 685, 'batch_size': 313, 'transform_funcs': (0, 3)}"
24904,c8956abd,0.8452941176470589,"{'min_delta': 0.5730000000000001, 'temperature_head': 1.4000000000000001, 'latent_dim': 489, 'batch_size': 170, 'transform_funcs': (3, 7)}"
25029,c7c987c2,0.858235294117647,"{'min_delta': 0.668, 'temperature_head': 1.3, 'latent_dim': 618, 'batch_size': 128, 'transform_funcs': (3, 11)}"
25048,7ad3f431,0.8176470588235294,"{'min_delta': 0.453, 'temperature_head': 1.7000000000000002, 'latent_dim': 718, 'batch_size': 206, 'transform_funcs': (1, 5)}"
25092,f55f21ea,0.8270588235294116,"{'min_delta': 0.652, 'temperature_head': 2.0, 'latent_dim': 541, 'batch_size': 275, 'transform_funcs': (0, 10)}"
25247,4b18cb7e,0.8176470588235294,"{'min_delta': 0.708, 'temperature_head': 1.5, 'latent_dim': 303, 'batch_size': 410, 'transform_funcs': (7, 9)}"
25326,64887c70,0.8705882352941177,"{'min_delta': 0.593, 'temperature_head': 1.4000000000000001, 'latent_dim': 585, 'batch_size': 184, 'transform_funcs': (4, 9)}"
25450,5e148b03,0.8326470588235294,"{'min_delta': 0.55, 'temperature_head': 1.2000000000000002, 'latent_dim': 351, 'batch_size': 239, 'transform_funcs': (1, 8)}"
25476,973cdac2,0.8294117647058824,"{'min_delta': 0.427, 'temperature_head': 1.6, 'latent_dim': 458, 'batch_size': 158, 'transform_funcs': (2, 11)}"
25552,95cba5a8,0.8379411764705882,"{'min_delta': 0.748, 'temperature_head': 1.1, 'latent_dim': 567, 'batch_size': 221, 'transform_funcs': (4, 11)}"
25684,760850a5,0.8558823529411764,"{'min_delta': 0.635, 'temperature_head': 1.5, 'latent_dim': 636, 'batch_size': 249, 'transform_funcs': (2, 6)}"
25752,745be059,0.8294117647058824,"{'min_delta': 0.47200000000000003, 'temperature_head': 1.3, 'latent_dim': 404, 'batch_size': 335, 'transform_funcs': (1, 10)}"
25873,f5b8ae95,0.8352941176470589,"{'min_delta': 0.496, 'temperature_head': 1.4000000000000001, 'latent_dim': 500, 'batch_size': 148, 'transform_funcs': (3, 8)}"
25921,514d4b4a,0.8588235294117647,"{'min_delta': 0.52, 'temperature_head': 1.2000000000000002, 'latent_dim': 670, 'batch_size': 137, 'transform_funcs': (6, 7)}"
25960,1cf260a3,0.8323529411764706,"{'min_delta': 0.683, 'temperature_head': 1.6, 'latent_dim': 529, 'batch_size': 189, 'transform_funcs': (4, 5)}"
26147,49e31e38,0.8470588235294118,"{'min_delta': 0.583, 'temperature_head': 1.9000000000000001, 'latent_dim': 604, 'batch_size': 128, 'transform_funcs': (1, 7)}"
26195,fa4408ba,0.8344117647058823,"{'min_delta': 0.723, 'temperature_head': 1.1, 'latent_dim': 441, 'batch_size': 203, 'transform_funcs': (2, 10)}"
26287,fb130f72,0.8382352941176471,"{'min_delta': 0.61, 'temperature_head': 1.7000000000000002, 'latent_dim': 385, 'batch_size': 299, 'transform_funcs': (0, 5)}"
26378,ac66139f,0.8402941176470587,"{'min_delta': 0.7030000000000001, 'temperature_head': 1.5, 'latent_dim': 698, 'batch_size': 166, 'transform_funcs': (1, 2)}"
26389,9d2e9927,0.8320588235294117,"{'min_delta': 0.657, 'temperature_head': 1.2000000000000002, 'latent_dim': 550, 'batch_size': 213, 'transform_funcs': (5, 9)}"
26588,48e6f1cb,0.8294117647058824,"{'min_delta': 0.796, 'temperature_head': 1.4000000000000001, 'latent_dim': 470, 'batch_size': 235, 'transform_funcs': (0, 2)}"
26610,b98cf59b,0.8323529411764706,"{'min_delta': 0.758, 'temperature_head': 1.8, 'latent_dim': 324, 'batch_size': 264, 'transform_funcs': (3, 6)}"
26660,b1ebf20a,0.8235294117647058,"{'min_delta': 0.561, 'temperature_head': 1.3, 'latent_dim': 629, 'batch_size': 175, 'transform_funcs': (9, 10)}"
26693,3ea37843,0.818529411764706,"{'min_delta': 0.624, 'temperature_head': 1.1, 'latent_dim': 274, 'batch_size': 225, 'transform_funcs': (2, 3)}"
26794,75751a0e,0.8352941176470589,"{'min_delta': 0.539, 'temperature_head': 1.5, 'latent_dim': 484, 'batch_size': 197, 'transform_funcs': (2, 9)}"
26830,399a19ad,0.8241176470588234,"{'min_delta': 0.442, 'temperature_head': 1.6, 'latent_dim': 36, 'batch_size': 143, 'transform_funcs': (8, 10)}"
27057,350a3ec6,0.8464705882352941,"{'min_delta': 0.6880000000000001, 'temperature_head': 1.4000000000000001, 'latent_dim': 567, 'batch_size': 180, 'transform_funcs': (2, 4)}"
27090,a07be763,0.8429411764705883,"{'min_delta': 0.371, 'temperature_head': 1.3, 'latent_dim': 518, 'batch_size': 157, 'transform_funcs': (7, 10)}"
27176,e7444950,0.8411764705882353,"{'min_delta': 0.8150000000000001, 'temperature_head': 1.0, 'latent_dim': 594, 'batch_size': 163, 'transform_funcs': (1, 3)}"
27212,dd797bbb,0.8247058823529411,"{'min_delta': 0.777, 'temperature_head': 1.5, 'latent_dim': 414, 'batch_size': 291, 'transform_funcs': (4, 8)}"
27272,8f4b0d78,0.8411764705882353,"{'min_delta': 0.739, 'temperature_head': 1.2000000000000002, 'latent_dim': 649, 'batch_size': 243, 'transform_funcs': (4, 6)}"
27332,423e8966,0.8173529411764706,"{'min_delta': 0.352, 'temperature_head': 1.1, 'latent_dim': 119, 'batch_size': 306, 'transform_funcs': (1, 11)}"
27528,bd71b160,0.8411764705882353,"{'min_delta': 0.643, 'temperature_head': 1.7000000000000002, 'latent_dim': 616, 'batch_size': 282, 'transform_funcs': (3, 4)}"
27595,e30f5452,0.8397058823529411,"{'min_delta': 0.584, 'temperature_head': 1.3, 'latent_dim': 428, 'batch_size': 212, 'transform_funcs': (3, 10)}"
27654,f1606f49,0.8497058823529411,"{'min_delta': 0.668, 'temperature_head': 1.8, 'latent_dim': 540, 'batch_size': 190, 'transform_funcs': (1, 9)}"
27675,e1e2ba7f,0.8147058823529412,"{'min_delta': 0.606, 'temperature_head': 1.0, 'latent_dim': 459, 'batch_size': 396, 'transform_funcs': (0, 8)}"
27783,15cbee51,0.8488235294117648,"{'min_delta': 0.526, 'temperature_head': 1.6, 'latent_dim': 584, 'batch_size': 128, 'transform_funcs': (3, 9)}"
27942,0fc8f7d0,0.8241176470588234,"{'min_delta': 0.496, 'temperature_head': 1.4000000000000001, 'latent_dim': 508, 'batch_size': 255, 'transform_funcs': (6, 8)}"
27977,b6c012e3,0.8529411764705882,"{'min_delta': 0.837, 'temperature_head': 1.2000000000000002, 'latent_dim': 370, 'batch_size': 150, 'transform_funcs': (7, 9)}"
28121,b0213199,0.8479411764705882,"{'min_delta': 0.724, 'temperature_head': 0.8, 'latent_dim': 663, 'batch_size': 230, 'transform_funcs': (2, 8)}"
28133,732c4f36,0.861764705882353,"{'min_delta': 0.764, 'temperature_head': 1.1, 'latent_dim': 556, 'batch_size': 172, 'transform_funcs': (1, 8)}"
28213,6581cf95,0.8411764705882353,"{'min_delta': 0.41000000000000003, 'temperature_head': 0.9, 'latent_dim': 493, 'batch_size': 134, 'transform_funcs': (6, 10)}"
28244,0c397c75,0.8176470588235294,"{'min_delta': 0.706, 'temperature_head': 1.5, 'latent_dim': 199, 'batch_size': 270, 'transform_funcs': (0, 3)}"
28339,60b72e9c,0.8444117647058823,"{'min_delta': 0.63, 'temperature_head': 2.0, 'latent_dim': 438, 'batch_size': 202, 'transform_funcs': (3, 5)}"
28570,54dad2f6,0.8408823529411764,"{'min_delta': 0.5720000000000001, 'temperature_head': 1.3, 'latent_dim': 571, 'batch_size': 183, 'transform_funcs': (0, 9)}"
28598,9e564f1c,0.806470588235294,"{'min_delta': 0.785, 'temperature_head': 1.9000000000000001, 'latent_dim': 518, 'batch_size': 351, 'transform_funcs': (9, 11)}"
28613,478e4052,0.8382352941176471,"{'min_delta': 0.47800000000000004, 'temperature_head': 1.6, 'latent_dim': 481, 'batch_size': 164, 'transform_funcs': (0, 4)}"
28712,80ee5c64,0.861764705882353,"{'min_delta': 0.74, 'temperature_head': 1.7000000000000002, 'latent_dim': 628, 'batch_size': 143, 'transform_funcs': (0, 6)}"
28771,771362ad,0.8058823529411765,"{'min_delta': 0.855, 'temperature_head': 1.4000000000000001, 'latent_dim': 529, 'batch_size': 322, 'transform_funcs': (8, 11)}"
29036,1271cba5,0.8382352941176471,"{'min_delta': 0.805, 'temperature_head': 1.2000000000000002, 'latent_dim': 682, 'batch_size': 209, 'transform_funcs': (5, 8)}"
29060,04b71709,0.8294117647058824,"{'min_delta': 0.548, 'temperature_head': 0.8, 'latent_dim': 601, 'batch_size': 196, 'transform_funcs': (4, 11)}"
29101,bd97d22d,0.8326470588235294,"{'min_delta': 0.508, 'temperature_head': 1.0, 'latent_dim': 708, 'batch_size': 248, 'transform_funcs': (8, 9)}"
29141,670da5b7,0.8264705882352941,"{'min_delta': 0.657, 'temperature_head': 0.7000000000000001, 'latent_dim': 452, 'batch_size': 223, 'transform_funcs': (5, 10)}"
29154,7f67fde3,0.8058823529411765,"{'min_delta': 0.459, 'temperature_head': 1.8, 'latent_dim': 397, 'batch_size': 360, 'transform_funcs': (0, 1)}"
29465,0ec34c9c,0.8352941176470589,"{'min_delta': 0.7000000000000001, 'temperature_head': 1.5, 'latent_dim': 547, 'batch_size': 262, 'transform_funcs': (4, 7)}"
29478,5a954e1d,0.8520588235294116,"{'min_delta': 0.676, 'temperature_head': 1.2000000000000002, 'latent_dim': 503, 'batch_size': 155, 'transform_funcs': (6, 9)}"
29589,14b08e00,0.8264705882352941,"{'min_delta': 0.9, 'temperature_head': 1.1, 'latent_dim': 583, 'batch_size': 175, 'transform_funcs': (0, 11)}"
29610,b524d872,0.8176470588235294,"{'min_delta': 0.609, 'temperature_head': 1.3, 'latent_dim': 647, 'batch_size': 218, 'transform_funcs': (1, 6)}"
29625,f8c2186d,0.8214705882352942,"{'min_delta': 0.593, 'temperature_head': 1.4000000000000001, 'latent_dim': 469, 'batch_size': 277, 'transform_funcs': (9, 10)}"
29852,8a8bace3,0.8470588235294118,"{'min_delta': 0.8300000000000001, 'temperature_head': 1.7000000000000002, 'latent_dim': 423, 'batch_size': 191, 'transform_funcs': (7, 11)}"
29942,96bb6515,0.8470588235294118,"{'min_delta': 0.332, 'temperature_head': 1.5, 'latent_dim': 619, 'batch_size': 236, 'transform_funcs': (10, 11)}"
30026,514722f1,0.8647058823529412,"{'min_delta': 0.756, 'temperature_head': 0.9, 'latent_dim': 529, 'batch_size': 137, 'transform_funcs': (0, 7)}"
30040,1a977cf4,0.8352941176470589,"{'min_delta': 0.867, 'temperature_head': 1.6, 'latent_dim': 562, 'batch_size': 184, 'transform_funcs': (1, 4)}"
30085,c990a1e5,0.8588235294117647,"{'min_delta': 0.5700000000000001, 'temperature_head': 1.4000000000000001, 'latent_dim': 609, 'batch_size': 149, 'transform_funcs': (1, 5)}"
30278,02542a56,0.8470588235294118,"{'min_delta': 0.642, 'temperature_head': 1.3, 'latent_dim': 495, 'batch_size': 169, 'transform_funcs': (5, 11)}"
30430,051f0f7e,0.8120588235294118,"{'min_delta': 0.392, 'temperature_head': 0.6000000000000001, 'latent_dim': 360, 'batch_size': 343, 'transform_funcs': (6, 11)}"
30435,81e1c053,0.8497058823529411,"{'min_delta': 0.791, 'temperature_head': 1.0, 'latent_dim': 665, 'batch_size': 205, 'transform_funcs': (5, 6)}"
30498,134aa52a,0.8352941176470589,"{'min_delta': 0.535, 'temperature_head': 1.6, 'latent_dim': 546, 'batch_size': 159, 'transform_funcs': (4, 10)}"
30523,ec6fcd6e,0.8235294117647058,"{'min_delta': 0.6880000000000001, 'temperature_head': 1.1, 'latent_dim': 576, 'batch_size': 253, 'transform_funcs': (2, 7)}"
30673,8f3dd921,0.8344117647058823,"{'min_delta': 0.43, 'temperature_head': 1.2000000000000002, 'latent_dim': 445, 'batch_size': 288, 'transform_funcs': (5, 7)}"
30820,3fa59d92,0.8344117647058823,"{'min_delta': 0.736, 'temperature_head': 1.5, 'latent_dim': 386, 'batch_size': 180, 'transform_funcs': (7, 9)}"
30874,cb825001,0.8205882352941176,"{'min_delta': 0.712, 'temperature_head': 1.3, 'latent_dim': 518, 'batch_size': 241, 'transform_funcs': (1, 8)}"
30956,71adfd1b,0.8299999999999998,"{'min_delta': 0.622, 'temperature_head': 0.9, 'latent_dim': 593, 'batch_size': 315, 'transform_funcs': (2, 5)}"
30998,9d08499c,0.8332352941176471,"{'min_delta': 0.77, 'temperature_head': 1.8, 'latent_dim': 637, 'batch_size': 136, 'transform_funcs': (3, 11)}"
31060,9a4fd420,0.8299999999999998,"{'min_delta': 0.8160000000000001, 'temperature_head': 0.4, 'latent_dim': 475, 'batch_size': 129, 'transform_funcs': (7, 8)}"
31286,2f915f1c,0.8311764705882352,"{'min_delta': 0.513, 'temperature_head': 0.7000000000000001, 'latent_dim': 534, 'batch_size': 197, 'transform_funcs': (2, 11)}"
31304,6b490e01,0.8411764705882353,"{'min_delta': 0.67, 'temperature_head': 1.7000000000000002, 'latent_dim': 698, 'batch_size': 231, 'transform_funcs': (3, 7)}"
31315,7794b6ef,0.8088235294117647,"{'min_delta': 0.56, 'temperature_head': 1.0, 'latent_dim': 246, 'batch_size': 426, 'transform_funcs': (4, 9)}"
31390,4db3a668,0.8411764705882353,"{'min_delta': 0.884, 'temperature_head': 1.9000000000000001, 'latent_dim': 484, 'batch_size': 146, 'transform_funcs': (0, 10)}"
31408,a47386a1,0.8441176470588235,"{'min_delta': 0.034, 'temperature_head': 1.2000000000000002, 'latent_dim': 346, 'batch_size': 212, 'transform_funcs': (1, 10)}"
31735,78a4ab89,0.8058823529411765,"{'min_delta': 0.845, 'temperature_head': 0.5, 'latent_dim': 409, 'batch_size': 510, 'transform_funcs': (1, 7)}"
31740,55003fc5,0.8558823529411764,"{'min_delta': 0.487, 'temperature_head': 1.5, 'latent_dim': 505, 'batch_size': 224, 'transform_funcs': (3, 8)}"
31803,dcb6e0f4,0.8341176470588236,"{'min_delta': 0.651, 'temperature_head': 1.4000000000000001, 'latent_dim': 678, 'batch_size': 166, 'transform_funcs': (0, 3)}"
31812,0330d678,0.8588235294117647,"{'min_delta': 0.59, 'temperature_head': 1.3, 'latent_dim': 461, 'batch_size': 189, 'transform_funcs': (3, 6)}"
31893,2b35d4e1,0.8252941176470587,"{'min_delta': 0.755, 'temperature_head': 0.8, 'latent_dim': 554, 'batch_size': 272, 'transform_funcs': (2, 10)}"
32175,21a6d477,0.8411764705882353,"{'min_delta': 0.728, 'temperature_head': 1.2000000000000002, 'latent_dim': 434, 'batch_size': 330, 'transform_funcs': (6, 7)}"
32189,65422b48,0.8441176470588235,"{'min_delta': 0.45, 'temperature_head': 1.6, 'latent_dim': 608, 'batch_size': 299, 'transform_funcs': (0, 5)}"
32228,9dc5e692,0.8529411764705882,"{'min_delta': 0.631, 'temperature_head': 1.1, 'latent_dim': 574, 'batch_size': 152, 'transform_funcs': (8, 10)}"
32300,401e70a4,0.8382352941176471,"{'min_delta': 0.714, 'temperature_head': 1.4000000000000001, 'latent_dim': 717, 'batch_size': 174, 'transform_funcs': (4, 5)}"
32380,24c7e108,0.8382352941176471,"{'min_delta': 0.6940000000000001, 'temperature_head': 1.1, 'latent_dim': 655, 'batch_size': 261, 'transform_funcs': (2, 6)}"
32464,e5acc295,0.8441176470588235,"{'min_delta': 0.804, 'temperature_head': 1.3, 'latent_dim': 174, 'batch_size': 470, 'transform_funcs': (0, 2)}"
32600,83e3739a,0.8226470588235294,"{'min_delta': 0.779, 'temperature_head': 0.9, 'latent_dim': 316, 'batch_size': 217, 'transform_funcs': (9, 10)}"
32640,b55d2b37,0.8441176470588235,"{'min_delta': 0.608, 'temperature_head': 1.7000000000000002, 'latent_dim': 589, 'batch_size': 202, 'transform_funcs': (1, 2)}"
32735,07b63843,0.8470588235294118,"{'min_delta': 0.551, 'temperature_head': 1.6, 'latent_dim': 518, 'batch_size': 128, 'transform_funcs': (2, 9)}"
32748,3a2fa5ab,0.8261764705882353,"{'min_delta': 0.53, 'temperature_head': 1.5, 'latent_dim': 375, 'batch_size': 245, 'transform_funcs': (2, 3)}"
32883,43cc880a,0.8238235294117647,"{'min_delta': 0.661, 'temperature_head': 1.0, 'latent_dim': 533, 'batch_size': 158, 'transform_funcs': (3, 10)}"
32942,a5dd5120,0.8352941176470589,"{'min_delta': 0.579, 'temperature_head': 1.4000000000000001, 'latent_dim': 284, 'batch_size': 142, 'transform_funcs': (4, 6)}"
33085,2a6e9bb7,0.8470588235294118,"{'min_delta': 0.68, 'temperature_head': 1.8, 'latent_dim': 621, 'batch_size': 182, 'transform_funcs': (3, 4)}"
33136,6a8df04c,0.8117647058823529,"{'min_delta': 0.875, 'temperature_head': 0.2, 'latent_dim': 558, 'batch_size': 308, 'transform_funcs': (2, 4)}"
33187,bd888748,0.8529411764705882,"{'min_delta': 0.47200000000000003, 'temperature_head': 1.3, 'latent_dim': 489, 'batch_size': 168, 'transform_funcs': (1, 11)}"
33345,48e28e1c,0.8205882352941176,"{'min_delta': 0.8260000000000001, 'temperature_head': 1.2000000000000002, 'latent_dim': 454, 'batch_size': 192, 'transform_funcs': (0, 8)}"
33384,1d0ca578,0.8470588235294118,"{'min_delta': 0.498, 'temperature_head': 1.1, 'latent_dim': 644, 'batch_size': 235, 'transform_funcs': (1, 9)}"
33499,875f0a36,0.8211764705882352,"{'min_delta': 0.749, 'temperature_head': 1.7000000000000002, 'latent_dim': 504, 'batch_size': 228, 'transform_funcs': (4, 8)}"
33550,62ede971,0.8370588235294116,"{'min_delta': 0.643, 'temperature_head': 1.9000000000000001, 'latent_dim': 418, 'batch_size': 176, 'transform_funcs': (7, 9)}"
33619,9432b033,0.788235294117647,"{'min_delta': 0.41500000000000004, 'temperature_head': 0.9, 'latent_dim': 8, 'batch_size': 252, 'transform_funcs': (0, 3)}"
33667,fa18e11d,0.8176470588235294,"{'min_delta': 0.725, 'temperature_head': 2.0, 'latent_dim': 600, 'batch_size': 285, 'transform_funcs': (7, 10)}"
33751,093ed03b,0.8308823529411764,"{'min_delta': 0.859, 'temperature_head': 1.4000000000000001, 'latent_dim': 545, 'batch_size': 210, 'transform_funcs': (1, 3)}"
33767,8e994aae,0.8411764705882353,"{'min_delta': 0.597, 'temperature_head': 0.8, 'latent_dim': 474, 'batch_size': 161, 'transform_funcs': (7, 8)}"
33888,f504e911,0.8205882352941176,"{'min_delta': 0.623, 'temperature_head': 1.6, 'latent_dim': 334, 'batch_size': 128, 'transform_funcs': (1, 8)}"
34107,b504db59,0.8588235294117647,"{'min_delta': 0.8, 'temperature_head': 1.5, 'latent_dim': 627, 'batch_size': 138, 'transform_funcs': (3, 9)}"
34110,8ad4664e,0.8352941176470589,"{'min_delta': 0.771, 'temperature_head': 0.7000000000000001, 'latent_dim': 566, 'batch_size': 148, 'transform_funcs': (6, 10)}"
34130,11e550f2,0.8264705882352941,"{'min_delta': 0.838, 'temperature_head': 1.4000000000000001, 'latent_dim': 396, 'batch_size': 220, 'transform_funcs': (5, 9)}"
34200,eb6caff9,0.8235294117647058,"{'min_delta': 0.5660000000000001, 'temperature_head': 1.5, 'latent_dim': 582, 'batch_size': 449, 'transform_funcs': (0, 4)}"
34318,4f82e303,0.8147058823529412,"{'min_delta': 0.9, 'temperature_head': 0.6000000000000001, 'latent_dim': 691, 'batch_size': 267, 'transform_funcs': (3, 5)}"
