trial_id,config,error_type,error_message,error_traceback
a23c363f,"{'temperature_head': 0.4, 'latent_dim': 83, 'batch_size': 382, 'transform_funcs': (5,)}",<class 'torch.cuda.OutOfMemoryError'>,"CUDA out of memory. Tried to allocate 50.00 MiB. GPU 0 has a total capacty of 23.69 GiB of which 38.25 MiB is free. Process 3320861 has 564.00 MiB memory in use. Process 4181375 has 972.00 MiB memory in use. Process 4181377 has 656.00 MiB memory in use. Process 4181358 has 732.00 MiB memory in use. Process 4181391 has 1.10 GiB memory in use. Process 4181360 has 1.37 GiB memory in use. Process 4184610 has 1.02 GiB memory in use. Process 4184598 has 774.00 MiB memory in use. Process 4184603 has 828.00 MiB memory in use. Process 4184604 has 1.37 GiB memory in use. Process 4184607 has 736.00 MiB memory in use. Process 4184993 has 794.00 MiB memory in use. Process 4184995 has 470.00 MiB memory in use. Process 4185001 has 1.37 GiB memory in use. Process 4185000 has 986.00 MiB memory in use. Process 4184994 has 930.00 MiB memory in use. Process 4185384 has 1.12 GiB memory in use. Process 4185385 has 1.25 GiB memory in use. Process 4185379 has 698.00 MiB memory in use. Process 4185392 has 732.00 MiB memory in use. Process 4185389 has 1.15 GiB memory in use. Process 4185773 has 1.50 GiB memory in use. Process 4185776 has 564.00 MiB memory in use. Process 4185770 has 470.00 MiB memory in use. Process 4185779 has 1024.00 MiB memory in use. Process 4185782 has 650.00 MiB memory in use. Of the allocated memory 183.56 MiB is allocated by PyTorch, and 42.44 MiB is reserved by PyTorch but unallocated. If reserved but unallocated memory is large try setting max_split_size_mb to avoid fragmentation.  See documentation for Memory Management and PYTORCH_CUDA_ALLOC_CONF","  File ""/home/amparo/unicamp_hyper3/M4-Framework-Experiments/experiments/experiment_executor/ray_tune_search_/hyperparameters_search.py"", line 119, in my_objective_function
    result = h_search_unit(

  File ""/home/amparo/unicamp_hyper3/M4-Framework-Experiments/experiments/experiment_executor/ray_tune_search_/h_search_unit.py"", line 23, in h_search_unit
    experiment_result = run_basic_experiment(

  File ""/home/amparo/unicamp_hyper3/M4-Framework-Experiments/experiments/experiment_executor/ray_tune_search_/basic/run_basic_experiment.py"", line 151, in run_basic_experiment
    datasets = do_reduce(

  File ""/home/amparo/unicamp_hyper3/M4-Framework-Experiments/experiments/experiment_executor/ray_tune_search_/basic/do_reduce.py"", line 144, in do_reduce
    {dset_name: transformer(datasets[dset_name]) for dset_name in apply_only_in}

  File ""/home/amparo/unicamp_hyper3/M4-Framework-Experiments/experiments/experiment_executor/ray_tune_search_/basic/do_reduce.py"", line 144, in <dictcomp>
    {dset_name: transformer(datasets[dset_name]) for dset_name in apply_only_in}

  File ""/home/amparo/unicamp_hyper3/M4-Framework-Experiments/experiments/.local/lib/python3.10/site-packages/librep/datasets/multimodal/transformer.py"", line 523, in __call__
    new_X = window_transform.the_transform.transform(X=X)

  File ""/home/amparo/unicamp_hyper3/M4-Framework-Experiments/experiments/.local/lib/python3.10/site-packages/librep/transforms/simclr_full.py"", line 57, in transform
    embeddings = intermediate_model(test_data).cpu().detach().numpy()

  File ""/home/amparo/unicamp_hyper3/M4-Framework-Experiments/experiments/.local/lib/python3.10/site-packages/torch/nn/modules/module.py"", line 1518, in _wrapped_call_impl
    return self._call_impl(*args, **kwargs)

  File ""/home/amparo/unicamp_hyper3/M4-Framework-Experiments/experiments/.local/lib/python3.10/site-packages/torch/nn/modules/module.py"", line 1527, in _call_impl
    return forward_call(*args, **kwargs)

  File ""/home/amparo/unicamp_hyper3/M4-Framework-Experiments/experiments/.local/lib/python3.10/site-packages/librep/estimators/simclr/torch/models/model_base.py"", line 31, in forward
    x = self.relu(x)

  File ""/home/amparo/unicamp_hyper3/M4-Framework-Experiments/experiments/.local/lib/python3.10/site-packages/torch/nn/modules/module.py"", line 1518, in _wrapped_call_impl
    return self._call_impl(*args, **kwargs)

  File ""/home/amparo/unicamp_hyper3/M4-Framework-Experiments/experiments/.local/lib/python3.10/site-packages/torch/nn/modules/module.py"", line 1527, in _call_impl
    return forward_call(*args, **kwargs)

  File ""/home/amparo/unicamp_hyper3/M4-Framework-Experiments/experiments/.local/lib/python3.10/site-packages/torch/nn/modules/activation.py"", line 101, in forward
    return F.relu(input, inplace=self.inplace)

  File ""/home/amparo/unicamp_hyper3/M4-Framework-Experiments/experiments/.local/lib/python3.10/site-packages/torch/nn/functional.py"", line 1471, in relu
    result = torch.relu(input)
"
dc604d4e,"{'temperature_head': 0.7000000000000001, 'latent_dim': 31, 'batch_size': 295, 'transform_funcs': (9,)}",<class 'torch.cuda.OutOfMemoryError'>,"CUDA out of memory. Tried to allocate 48.00 MiB. GPU 0 has a total capacty of 23.69 GiB of which 38.25 MiB is free. Process 3320861 has 564.00 MiB memory in use. Process 4181375 has 972.00 MiB memory in use. Process 4181377 has 416.00 MiB memory in use. Process 4181358 has 452.00 MiB memory in use. Process 4181391 has 1.10 GiB memory in use. Process 4181360 has 1.25 GiB memory in use. Process 4184610 has 1.06 GiB memory in use. Process 4184598 has 924.00 MiB memory in use. Process 4184603 has 828.00 MiB memory in use. Process 4184604 has 1.37 GiB memory in use. Process 4184607 has 874.00 MiB memory in use. Process 4184993 has 794.00 MiB memory in use. Process 4184995 has 1.05 GiB memory in use. Process 4185001 has 1.37 GiB memory in use. Process 4185000 has 986.00 MiB memory in use. Process 4184994 has 930.00 MiB memory in use. Process 4185384 has 692.00 MiB memory in use. Process 4185385 has 1.09 GiB memory in use. Process 4185379 has 712.00 MiB memory in use. Process 4185392 has 898.00 MiB memory in use. Process 4185389 has 1.15 GiB memory in use. Process 4185773 has 1.07 GiB memory in use. Process 4185776 has 786.00 MiB memory in use. Process 4185770 has 882.00 MiB memory in use. Process 4185779 has 832.00 MiB memory in use. Process 4185782 has 804.00 MiB memory in use. Of the allocated memory 45.61 MiB is allocated by PyTorch, and 32.39 MiB is reserved by PyTorch but unallocated. If reserved but unallocated memory is large try setting max_split_size_mb to avoid fragmentation.  See documentation for Memory Management and PYTORCH_CUDA_ALLOC_CONF","  File ""/home/amparo/unicamp_hyper3/M4-Framework-Experiments/experiments/experiment_executor/ray_tune_search_/hyperparameters_search.py"", line 119, in my_objective_function
    result = h_search_unit(

  File ""/home/amparo/unicamp_hyper3/M4-Framework-Experiments/experiments/experiment_executor/ray_tune_search_/h_search_unit.py"", line 23, in h_search_unit
    experiment_result = run_basic_experiment(

  File ""/home/amparo/unicamp_hyper3/M4-Framework-Experiments/experiments/experiment_executor/ray_tune_search_/basic/run_basic_experiment.py"", line 151, in run_basic_experiment
    datasets = do_reduce(

  File ""/home/amparo/unicamp_hyper3/M4-Framework-Experiments/experiments/experiment_executor/ray_tune_search_/basic/do_reduce.py"", line 144, in do_reduce
    {dset_name: transformer(datasets[dset_name]) for dset_name in apply_only_in}

  File ""/home/amparo/unicamp_hyper3/M4-Framework-Experiments/experiments/experiment_executor/ray_tune_search_/basic/do_reduce.py"", line 144, in <dictcomp>
    {dset_name: transformer(datasets[dset_name]) for dset_name in apply_only_in}

  File ""/home/amparo/unicamp_hyper3/M4-Framework-Experiments/experiments/.local/lib/python3.10/site-packages/librep/datasets/multimodal/transformer.py"", line 523, in __call__
    new_X = window_transform.the_transform.transform(X=X)

  File ""/home/amparo/unicamp_hyper3/M4-Framework-Experiments/experiments/.local/lib/python3.10/site-packages/librep/transforms/simclr_full.py"", line 57, in transform
    embeddings = intermediate_model(test_data).cpu().detach().numpy()

  File ""/home/amparo/unicamp_hyper3/M4-Framework-Experiments/experiments/.local/lib/python3.10/site-packages/torch/nn/modules/module.py"", line 1518, in _wrapped_call_impl
    return self._call_impl(*args, **kwargs)

  File ""/home/amparo/unicamp_hyper3/M4-Framework-Experiments/experiments/.local/lib/python3.10/site-packages/torch/nn/modules/module.py"", line 1527, in _call_impl
    return forward_call(*args, **kwargs)

  File ""/home/amparo/unicamp_hyper3/M4-Framework-Experiments/experiments/.local/lib/python3.10/site-packages/librep/estimators/simclr/torch/models/model_base.py"", line 24, in forward
    x = self.conv1(x)

  File ""/home/amparo/unicamp_hyper3/M4-Framework-Experiments/experiments/.local/lib/python3.10/site-packages/torch/nn/modules/module.py"", line 1518, in _wrapped_call_impl
    return self._call_impl(*args, **kwargs)

  File ""/home/amparo/unicamp_hyper3/M4-Framework-Experiments/experiments/.local/lib/python3.10/site-packages/torch/nn/modules/module.py"", line 1527, in _call_impl
    return forward_call(*args, **kwargs)

  File ""/home/amparo/unicamp_hyper3/M4-Framework-Experiments/experiments/.local/lib/python3.10/site-packages/torch/nn/modules/conv.py"", line 310, in forward
    return self._conv_forward(input, self.weight, self.bias)

  File ""/home/amparo/unicamp_hyper3/M4-Framework-Experiments/experiments/.local/lib/python3.10/site-packages/torch/nn/modules/conv.py"", line 306, in _conv_forward
    return F.conv1d(input, weight, bias, self.stride,
"
0f170f59,"{'temperature_head': 0.5, 'latent_dim': 5, 'batch_size': 274, 'transform_funcs': (9,)}",<class 'torch.cuda.OutOfMemoryError'>,"CUDA out of memory. Tried to allocate 56.00 MiB. GPU 0 has a total capacty of 23.69 GiB of which 16.25 MiB is free. Process 3320861 has 564.00 MiB memory in use. Process 4181375 has 972.00 MiB memory in use. Process 4181377 has 504.00 MiB memory in use. Process 4181358 has 452.00 MiB memory in use. Process 4181391 has 1.10 GiB memory in use. Process 4181360 has 1.25 GiB memory in use. Process 4184610 has 1.06 GiB memory in use. Process 4184598 has 924.00 MiB memory in use. Process 4184603 has 828.00 MiB memory in use. Process 4184604 has 1.37 GiB memory in use. Process 4184607 has 874.00 MiB memory in use. Process 4184993 has 794.00 MiB memory in use. Process 4184995 has 1006.00 MiB memory in use. Process 4185001 has 1.37 GiB memory in use. Process 4185000 has 986.00 MiB memory in use. Process 4184994 has 930.00 MiB memory in use. Process 4185384 has 692.00 MiB memory in use. Process 4185385 has 1.09 GiB memory in use. Process 4185379 has 712.00 MiB memory in use. Process 4185392 has 898.00 MiB memory in use. Process 4185389 has 1.15 GiB memory in use. Process 4185773 has 1.07 GiB memory in use. Process 4185776 has 786.00 MiB memory in use. Process 4185770 has 882.00 MiB memory in use. Process 4185779 has 832.00 MiB memory in use. Process 4185782 has 804.00 MiB memory in use. Of the allocated memory 133.88 MiB is allocated by PyTorch, and 32.12 MiB is reserved by PyTorch but unallocated. If reserved but unallocated memory is large try setting max_split_size_mb to avoid fragmentation.  See documentation for Memory Management and PYTORCH_CUDA_ALLOC_CONF","  File ""/home/amparo/unicamp_hyper3/M4-Framework-Experiments/experiments/experiment_executor/ray_tune_search_/hyperparameters_search.py"", line 119, in my_objective_function
    result = h_search_unit(

  File ""/home/amparo/unicamp_hyper3/M4-Framework-Experiments/experiments/experiment_executor/ray_tune_search_/h_search_unit.py"", line 23, in h_search_unit
    experiment_result = run_basic_experiment(

  File ""/home/amparo/unicamp_hyper3/M4-Framework-Experiments/experiments/experiment_executor/ray_tune_search_/basic/run_basic_experiment.py"", line 151, in run_basic_experiment
    datasets = do_reduce(

  File ""/home/amparo/unicamp_hyper3/M4-Framework-Experiments/experiments/experiment_executor/ray_tune_search_/basic/do_reduce.py"", line 144, in do_reduce
    {dset_name: transformer(datasets[dset_name]) for dset_name in apply_only_in}

  File ""/home/amparo/unicamp_hyper3/M4-Framework-Experiments/experiments/experiment_executor/ray_tune_search_/basic/do_reduce.py"", line 144, in <dictcomp>
    {dset_name: transformer(datasets[dset_name]) for dset_name in apply_only_in}

  File ""/home/amparo/unicamp_hyper3/M4-Framework-Experiments/experiments/.local/lib/python3.10/site-packages/librep/datasets/multimodal/transformer.py"", line 523, in __call__
    new_X = window_transform.the_transform.transform(X=X)

  File ""/home/amparo/unicamp_hyper3/M4-Framework-Experiments/experiments/.local/lib/python3.10/site-packages/librep/transforms/simclr_full.py"", line 57, in transform
    embeddings = intermediate_model(test_data).cpu().detach().numpy()

  File ""/home/amparo/unicamp_hyper3/M4-Framework-Experiments/experiments/.local/lib/python3.10/site-packages/torch/nn/modules/module.py"", line 1518, in _wrapped_call_impl
    return self._call_impl(*args, **kwargs)

  File ""/home/amparo/unicamp_hyper3/M4-Framework-Experiments/experiments/.local/lib/python3.10/site-packages/torch/nn/modules/module.py"", line 1527, in _call_impl
    return forward_call(*args, **kwargs)

  File ""/home/amparo/unicamp_hyper3/M4-Framework-Experiments/experiments/.local/lib/python3.10/site-packages/librep/estimators/simclr/torch/models/model_base.py"", line 28, in forward
    x = self.relu(x)

  File ""/home/amparo/unicamp_hyper3/M4-Framework-Experiments/experiments/.local/lib/python3.10/site-packages/torch/nn/modules/module.py"", line 1518, in _wrapped_call_impl
    return self._call_impl(*args, **kwargs)

  File ""/home/amparo/unicamp_hyper3/M4-Framework-Experiments/experiments/.local/lib/python3.10/site-packages/torch/nn/modules/module.py"", line 1527, in _call_impl
    return forward_call(*args, **kwargs)

  File ""/home/amparo/unicamp_hyper3/M4-Framework-Experiments/experiments/.local/lib/python3.10/site-packages/torch/nn/modules/activation.py"", line 101, in forward
    return F.relu(input, inplace=self.inplace)

  File ""/home/amparo/unicamp_hyper3/M4-Framework-Experiments/experiments/.local/lib/python3.10/site-packages/torch/nn/functional.py"", line 1471, in relu
    result = torch.relu(input)
"
27bd5243,"{'temperature_head': 0.8, 'latent_dim': 25, 'batch_size': 355, 'transform_funcs': (9,)}",<class 'torch.cuda.OutOfMemoryError'>,"CUDA out of memory. Tried to allocate 56.00 MiB. GPU 0 has a total capacty of 23.69 GiB of which 12.25 MiB is free. Process 3320861 has 564.00 MiB memory in use. Process 4181375 has 972.00 MiB memory in use. Process 4181377 has 504.00 MiB memory in use. Process 4181358 has 452.00 MiB memory in use. Process 4181391 has 1.10 GiB memory in use. Process 4181360 has 1.25 GiB memory in use. Process 4184610 has 1.06 GiB memory in use. Process 4184598 has 924.00 MiB memory in use. Process 4184603 has 828.00 MiB memory in use. Process 4184604 has 1.37 GiB memory in use. Process 4184607 has 874.00 MiB memory in use. Process 4184993 has 794.00 MiB memory in use. Process 4184995 has 1006.00 MiB memory in use. Process 4185001 has 1.37 GiB memory in use. Process 4185000 has 986.00 MiB memory in use. Process 4184994 has 930.00 MiB memory in use. Process 4185384 has 694.00 MiB memory in use. Process 4185385 has 1.09 GiB memory in use. Process 4185379 has 712.00 MiB memory in use. Process 4185392 has 898.00 MiB memory in use. Process 4185389 has 1.15 GiB memory in use. Process 4185773 has 1.07 GiB memory in use. Process 4185776 has 788.00 MiB memory in use. Process 4185770 has 882.00 MiB memory in use. Process 4185779 has 832.00 MiB memory in use. Process 4185782 has 804.00 MiB memory in use. Of the allocated memory 134.04 MiB is allocated by PyTorch, and 31.96 MiB is reserved by PyTorch but unallocated. If reserved but unallocated memory is large try setting max_split_size_mb to avoid fragmentation.  See documentation for Memory Management and PYTORCH_CUDA_ALLOC_CONF","  File ""/home/amparo/unicamp_hyper3/M4-Framework-Experiments/experiments/experiment_executor/ray_tune_search_/hyperparameters_search.py"", line 119, in my_objective_function
    result = h_search_unit(

  File ""/home/amparo/unicamp_hyper3/M4-Framework-Experiments/experiments/experiment_executor/ray_tune_search_/h_search_unit.py"", line 23, in h_search_unit
    experiment_result = run_basic_experiment(

  File ""/home/amparo/unicamp_hyper3/M4-Framework-Experiments/experiments/experiment_executor/ray_tune_search_/basic/run_basic_experiment.py"", line 151, in run_basic_experiment
    datasets = do_reduce(

  File ""/home/amparo/unicamp_hyper3/M4-Framework-Experiments/experiments/experiment_executor/ray_tune_search_/basic/do_reduce.py"", line 144, in do_reduce
    {dset_name: transformer(datasets[dset_name]) for dset_name in apply_only_in}

  File ""/home/amparo/unicamp_hyper3/M4-Framework-Experiments/experiments/experiment_executor/ray_tune_search_/basic/do_reduce.py"", line 144, in <dictcomp>
    {dset_name: transformer(datasets[dset_name]) for dset_name in apply_only_in}

  File ""/home/amparo/unicamp_hyper3/M4-Framework-Experiments/experiments/.local/lib/python3.10/site-packages/librep/datasets/multimodal/transformer.py"", line 523, in __call__
    new_X = window_transform.the_transform.transform(X=X)

  File ""/home/amparo/unicamp_hyper3/M4-Framework-Experiments/experiments/.local/lib/python3.10/site-packages/librep/transforms/simclr_full.py"", line 57, in transform
    embeddings = intermediate_model(test_data).cpu().detach().numpy()

  File ""/home/amparo/unicamp_hyper3/M4-Framework-Experiments/experiments/.local/lib/python3.10/site-packages/torch/nn/modules/module.py"", line 1518, in _wrapped_call_impl
    return self._call_impl(*args, **kwargs)

  File ""/home/amparo/unicamp_hyper3/M4-Framework-Experiments/experiments/.local/lib/python3.10/site-packages/torch/nn/modules/module.py"", line 1527, in _call_impl
    return forward_call(*args, **kwargs)

  File ""/home/amparo/unicamp_hyper3/M4-Framework-Experiments/experiments/.local/lib/python3.10/site-packages/librep/estimators/simclr/torch/models/model_base.py"", line 28, in forward
    x = self.relu(x)

  File ""/home/amparo/unicamp_hyper3/M4-Framework-Experiments/experiments/.local/lib/python3.10/site-packages/torch/nn/modules/module.py"", line 1518, in _wrapped_call_impl
    return self._call_impl(*args, **kwargs)

  File ""/home/amparo/unicamp_hyper3/M4-Framework-Experiments/experiments/.local/lib/python3.10/site-packages/torch/nn/modules/module.py"", line 1527, in _call_impl
    return forward_call(*args, **kwargs)

  File ""/home/amparo/unicamp_hyper3/M4-Framework-Experiments/experiments/.local/lib/python3.10/site-packages/torch/nn/modules/activation.py"", line 101, in forward
    return F.relu(input, inplace=self.inplace)

  File ""/home/amparo/unicamp_hyper3/M4-Framework-Experiments/experiments/.local/lib/python3.10/site-packages/torch/nn/functional.py"", line 1471, in relu
    result = torch.relu(input)
"
1e740864,"{'temperature_head': 0.6000000000000001, 'latent_dim': 35, 'batch_size': 233, 'transform_funcs': (9,)}",<class 'torch.cuda.OutOfMemoryError'>,"CUDA out of memory. Tried to allocate 48.00 MiB. GPU 0 has a total capacty of 23.69 GiB of which 40.25 MiB is free. Process 3320861 has 564.00 MiB memory in use. Process 4181375 has 972.00 MiB memory in use. Process 4181377 has 418.00 MiB memory in use. Process 4181358 has 738.00 MiB memory in use. Process 4181391 has 1.10 GiB memory in use. Process 4181360 has 1.25 GiB memory in use. Process 4184610 has 1.06 GiB memory in use. Process 4184598 has 832.00 MiB memory in use. Process 4184603 has 828.00 MiB memory in use. Process 4184604 has 1.37 GiB memory in use. Process 4184607 has 874.00 MiB memory in use. Process 4184993 has 794.00 MiB memory in use. Process 4184995 has 1.04 GiB memory in use. Process 4185001 has 1.37 GiB memory in use. Process 4185000 has 986.00 MiB memory in use. Process 4184994 has 930.00 MiB memory in use. Process 4185384 has 898.00 MiB memory in use. Process 4185385 has 1.13 GiB memory in use. Process 4185379 has 712.00 MiB memory in use. Process 4185392 has 898.00 MiB memory in use. Process 4185389 has 1.15 GiB memory in use. Process 4185773 has 1.07 GiB memory in use. Process 4185776 has 788.00 MiB memory in use. Process 4185770 has 770.00 MiB memory in use. Process 4185779 has 452.00 MiB memory in use. Process 4185782 has 852.00 MiB memory in use. Of the allocated memory 45.64 MiB is allocated by PyTorch, and 34.36 MiB is reserved by PyTorch but unallocated. If reserved but unallocated memory is large try setting max_split_size_mb to avoid fragmentation.  See documentation for Memory Management and PYTORCH_CUDA_ALLOC_CONF","  File ""/home/amparo/unicamp_hyper3/M4-Framework-Experiments/experiments/experiment_executor/ray_tune_search_/hyperparameters_search.py"", line 119, in my_objective_function
    result = h_search_unit(

  File ""/home/amparo/unicamp_hyper3/M4-Framework-Experiments/experiments/experiment_executor/ray_tune_search_/h_search_unit.py"", line 23, in h_search_unit
    experiment_result = run_basic_experiment(

  File ""/home/amparo/unicamp_hyper3/M4-Framework-Experiments/experiments/experiment_executor/ray_tune_search_/basic/run_basic_experiment.py"", line 151, in run_basic_experiment
    datasets = do_reduce(

  File ""/home/amparo/unicamp_hyper3/M4-Framework-Experiments/experiments/experiment_executor/ray_tune_search_/basic/do_reduce.py"", line 144, in do_reduce
    {dset_name: transformer(datasets[dset_name]) for dset_name in apply_only_in}

  File ""/home/amparo/unicamp_hyper3/M4-Framework-Experiments/experiments/experiment_executor/ray_tune_search_/basic/do_reduce.py"", line 144, in <dictcomp>
    {dset_name: transformer(datasets[dset_name]) for dset_name in apply_only_in}

  File ""/home/amparo/unicamp_hyper3/M4-Framework-Experiments/experiments/.local/lib/python3.10/site-packages/librep/datasets/multimodal/transformer.py"", line 523, in __call__
    new_X = window_transform.the_transform.transform(X=X)

  File ""/home/amparo/unicamp_hyper3/M4-Framework-Experiments/experiments/.local/lib/python3.10/site-packages/librep/transforms/simclr_full.py"", line 57, in transform
    embeddings = intermediate_model(test_data).cpu().detach().numpy()

  File ""/home/amparo/unicamp_hyper3/M4-Framework-Experiments/experiments/.local/lib/python3.10/site-packages/torch/nn/modules/module.py"", line 1518, in _wrapped_call_impl
    return self._call_impl(*args, **kwargs)

  File ""/home/amparo/unicamp_hyper3/M4-Framework-Experiments/experiments/.local/lib/python3.10/site-packages/torch/nn/modules/module.py"", line 1527, in _call_impl
    return forward_call(*args, **kwargs)

  File ""/home/amparo/unicamp_hyper3/M4-Framework-Experiments/experiments/.local/lib/python3.10/site-packages/librep/estimators/simclr/torch/models/model_base.py"", line 24, in forward
    x = self.conv1(x)

  File ""/home/amparo/unicamp_hyper3/M4-Framework-Experiments/experiments/.local/lib/python3.10/site-packages/torch/nn/modules/module.py"", line 1518, in _wrapped_call_impl
    return self._call_impl(*args, **kwargs)

  File ""/home/amparo/unicamp_hyper3/M4-Framework-Experiments/experiments/.local/lib/python3.10/site-packages/torch/nn/modules/module.py"", line 1527, in _call_impl
    return forward_call(*args, **kwargs)

  File ""/home/amparo/unicamp_hyper3/M4-Framework-Experiments/experiments/.local/lib/python3.10/site-packages/torch/nn/modules/conv.py"", line 310, in forward
    return self._conv_forward(input, self.weight, self.bias)

  File ""/home/amparo/unicamp_hyper3/M4-Framework-Experiments/experiments/.local/lib/python3.10/site-packages/torch/nn/modules/conv.py"", line 306, in _conv_forward
    return F.conv1d(input, weight, bias, self.stride,
"
60cf6ba8,"{'temperature_head': 0.30000000000000004, 'latent_dim': 87, 'batch_size': 182, 'transform_funcs': (8,)}",<class 'torch.cuda.OutOfMemoryError'>,"CUDA out of memory. Tried to allocate 56.00 MiB. GPU 0 has a total capacty of 23.69 GiB of which 54.25 MiB is free. Process 3320861 has 564.00 MiB memory in use. Process 4181375 has 972.00 MiB memory in use. Process 4181377 has 890.00 MiB memory in use. Process 4181358 has 466.00 MiB memory in use. Process 4181391 has 1.02 GiB memory in use. Process 4181360 has 1.25 GiB memory in use. Process 4184610 has 1.06 GiB memory in use. Process 4184598 has 880.00 MiB memory in use. Process 4184603 has 828.00 MiB memory in use. Process 4184604 has 1.37 GiB memory in use. Process 4184607 has 556.00 MiB memory in use. Process 4184993 has 794.00 MiB memory in use. Process 4184995 has 944.00 MiB memory in use. Process 4185001 has 1.37 GiB memory in use. Process 4185000 has 986.00 MiB memory in use. Process 4184994 has 1.07 GiB memory in use. Process 4185384 has 454.00 MiB memory in use. Process 4185385 has 1.13 GiB memory in use. Process 4185379 has 454.00 MiB memory in use. Process 4185392 has 824.00 MiB memory in use. Process 4185389 has 1.15 GiB memory in use. Process 4185773 has 1.05 GiB memory in use. Process 4185776 has 788.00 MiB memory in use. Process 4185770 has 1.01 GiB memory in use. Process 4185779 has 784.00 MiB memory in use. Process 4185782 has 1.12 GiB memory in use. Of the allocated memory 78.52 MiB is allocated by PyTorch, and 37.48 MiB is reserved by PyTorch but unallocated. If reserved but unallocated memory is large try setting max_split_size_mb to avoid fragmentation.  See documentation for Memory Management and PYTORCH_CUDA_ALLOC_CONF","  File ""/home/amparo/unicamp_hyper3/M4-Framework-Experiments/experiments/experiment_executor/ray_tune_search_/hyperparameters_search.py"", line 119, in my_objective_function
    result = h_search_unit(

  File ""/home/amparo/unicamp_hyper3/M4-Framework-Experiments/experiments/experiment_executor/ray_tune_search_/h_search_unit.py"", line 23, in h_search_unit
    experiment_result = run_basic_experiment(

  File ""/home/amparo/unicamp_hyper3/M4-Framework-Experiments/experiments/experiment_executor/ray_tune_search_/basic/run_basic_experiment.py"", line 151, in run_basic_experiment
    datasets = do_reduce(

  File ""/home/amparo/unicamp_hyper3/M4-Framework-Experiments/experiments/experiment_executor/ray_tune_search_/basic/do_reduce.py"", line 144, in do_reduce
    {dset_name: transformer(datasets[dset_name]) for dset_name in apply_only_in}

  File ""/home/amparo/unicamp_hyper3/M4-Framework-Experiments/experiments/experiment_executor/ray_tune_search_/basic/do_reduce.py"", line 144, in <dictcomp>
    {dset_name: transformer(datasets[dset_name]) for dset_name in apply_only_in}

  File ""/home/amparo/unicamp_hyper3/M4-Framework-Experiments/experiments/.local/lib/python3.10/site-packages/librep/datasets/multimodal/transformer.py"", line 523, in __call__
    new_X = window_transform.the_transform.transform(X=X)

  File ""/home/amparo/unicamp_hyper3/M4-Framework-Experiments/experiments/.local/lib/python3.10/site-packages/librep/transforms/simclr_full.py"", line 57, in transform
    embeddings = intermediate_model(test_data).cpu().detach().numpy()

  File ""/home/amparo/unicamp_hyper3/M4-Framework-Experiments/experiments/.local/lib/python3.10/site-packages/torch/nn/modules/module.py"", line 1518, in _wrapped_call_impl
    return self._call_impl(*args, **kwargs)

  File ""/home/amparo/unicamp_hyper3/M4-Framework-Experiments/experiments/.local/lib/python3.10/site-packages/torch/nn/modules/module.py"", line 1527, in _call_impl
    return forward_call(*args, **kwargs)

  File ""/home/amparo/unicamp_hyper3/M4-Framework-Experiments/experiments/.local/lib/python3.10/site-packages/librep/estimators/simclr/torch/models/model_base.py"", line 27, in forward
    x = self.conv2(x)

  File ""/home/amparo/unicamp_hyper3/M4-Framework-Experiments/experiments/.local/lib/python3.10/site-packages/torch/nn/modules/module.py"", line 1518, in _wrapped_call_impl
    return self._call_impl(*args, **kwargs)

  File ""/home/amparo/unicamp_hyper3/M4-Framework-Experiments/experiments/.local/lib/python3.10/site-packages/torch/nn/modules/module.py"", line 1527, in _call_impl
    return forward_call(*args, **kwargs)

  File ""/home/amparo/unicamp_hyper3/M4-Framework-Experiments/experiments/.local/lib/python3.10/site-packages/torch/nn/modules/conv.py"", line 310, in forward
    return self._conv_forward(input, self.weight, self.bias)

  File ""/home/amparo/unicamp_hyper3/M4-Framework-Experiments/experiments/.local/lib/python3.10/site-packages/torch/nn/modules/conv.py"", line 306, in _conv_forward
    return F.conv1d(input, weight, bias, self.stride,
"
9771375b,"{'temperature_head': 0.9, 'latent_dim': 84, 'batch_size': 159, 'transform_funcs': (4,)}",<class 'torch.cuda.OutOfMemoryError'>,"CUDA out of memory. Tried to allocate 48.00 MiB. GPU 0 has a total capacty of 23.69 GiB of which 42.25 MiB is free. Process 3320861 has 564.00 MiB memory in use. Process 4181375 has 972.00 MiB memory in use. Process 4181377 has 890.00 MiB memory in use. Process 4181358 has 552.00 MiB memory in use. Process 4181391 has 1.02 GiB memory in use. Process 4181360 has 1.25 GiB memory in use. Process 4184610 has 1.06 GiB memory in use. Process 4184598 has 880.00 MiB memory in use. Process 4184603 has 828.00 MiB memory in use. Process 4184604 has 1.37 GiB memory in use. Process 4184607 has 452.00 MiB memory in use. Process 4184993 has 794.00 MiB memory in use. Process 4184995 has 944.00 MiB memory in use. Process 4185001 has 1.37 GiB memory in use. Process 4185000 has 986.00 MiB memory in use. Process 4184994 has 1.07 GiB memory in use. Process 4185384 has 472.00 MiB memory in use. Process 4185385 has 1.13 GiB memory in use. Process 4185379 has 422.00 MiB memory in use. Process 4185392 has 868.00 MiB memory in use. Process 4185389 has 1.15 GiB memory in use. Process 4185773 has 1.05 GiB memory in use. Process 4185776 has 788.00 MiB memory in use. Process 4185770 has 1.01 GiB memory in use. Process 4185779 has 784.00 MiB memory in use. Process 4185782 has 1.12 GiB memory in use. Of the allocated memory 46.02 MiB is allocated by PyTorch, and 37.98 MiB is reserved by PyTorch but unallocated. If reserved but unallocated memory is large try setting max_split_size_mb to avoid fragmentation.  See documentation for Memory Management and PYTORCH_CUDA_ALLOC_CONF","  File ""/home/amparo/unicamp_hyper3/M4-Framework-Experiments/experiments/experiment_executor/ray_tune_search_/hyperparameters_search.py"", line 119, in my_objective_function
    result = h_search_unit(

  File ""/home/amparo/unicamp_hyper3/M4-Framework-Experiments/experiments/experiment_executor/ray_tune_search_/h_search_unit.py"", line 23, in h_search_unit
    experiment_result = run_basic_experiment(

  File ""/home/amparo/unicamp_hyper3/M4-Framework-Experiments/experiments/experiment_executor/ray_tune_search_/basic/run_basic_experiment.py"", line 151, in run_basic_experiment
    datasets = do_reduce(

  File ""/home/amparo/unicamp_hyper3/M4-Framework-Experiments/experiments/experiment_executor/ray_tune_search_/basic/do_reduce.py"", line 144, in do_reduce
    {dset_name: transformer(datasets[dset_name]) for dset_name in apply_only_in}

  File ""/home/amparo/unicamp_hyper3/M4-Framework-Experiments/experiments/experiment_executor/ray_tune_search_/basic/do_reduce.py"", line 144, in <dictcomp>
    {dset_name: transformer(datasets[dset_name]) for dset_name in apply_only_in}

  File ""/home/amparo/unicamp_hyper3/M4-Framework-Experiments/experiments/.local/lib/python3.10/site-packages/librep/datasets/multimodal/transformer.py"", line 523, in __call__
    new_X = window_transform.the_transform.transform(X=X)

  File ""/home/amparo/unicamp_hyper3/M4-Framework-Experiments/experiments/.local/lib/python3.10/site-packages/librep/transforms/simclr_full.py"", line 57, in transform
    embeddings = intermediate_model(test_data).cpu().detach().numpy()

  File ""/home/amparo/unicamp_hyper3/M4-Framework-Experiments/experiments/.local/lib/python3.10/site-packages/torch/nn/modules/module.py"", line 1518, in _wrapped_call_impl
    return self._call_impl(*args, **kwargs)

  File ""/home/amparo/unicamp_hyper3/M4-Framework-Experiments/experiments/.local/lib/python3.10/site-packages/torch/nn/modules/module.py"", line 1527, in _call_impl
    return forward_call(*args, **kwargs)

  File ""/home/amparo/unicamp_hyper3/M4-Framework-Experiments/experiments/.local/lib/python3.10/site-packages/librep/estimators/simclr/torch/models/model_base.py"", line 24, in forward
    x = self.conv1(x)

  File ""/home/amparo/unicamp_hyper3/M4-Framework-Experiments/experiments/.local/lib/python3.10/site-packages/torch/nn/modules/module.py"", line 1518, in _wrapped_call_impl
    return self._call_impl(*args, **kwargs)

  File ""/home/amparo/unicamp_hyper3/M4-Framework-Experiments/experiments/.local/lib/python3.10/site-packages/torch/nn/modules/module.py"", line 1527, in _call_impl
    return forward_call(*args, **kwargs)

  File ""/home/amparo/unicamp_hyper3/M4-Framework-Experiments/experiments/.local/lib/python3.10/site-packages/torch/nn/modules/conv.py"", line 310, in forward
    return self._conv_forward(input, self.weight, self.bias)

  File ""/home/amparo/unicamp_hyper3/M4-Framework-Experiments/experiments/.local/lib/python3.10/site-packages/torch/nn/modules/conv.py"", line 306, in _conv_forward
    return F.conv1d(input, weight, bias, self.stride,
"
3d4debe0,"{'temperature_head': 0.7000000000000001, 'latent_dim': 80, 'batch_size': 240, 'transform_funcs': (2,)}",<class 'torch.cuda.OutOfMemoryError'>,"CUDA out of memory. Tried to allocate 48.00 MiB. GPU 0 has a total capacty of 23.69 GiB of which 42.25 MiB is free. Process 3320861 has 564.00 MiB memory in use. Process 4181375 has 972.00 MiB memory in use. Process 4181377 has 890.00 MiB memory in use. Process 4181358 has 562.00 MiB memory in use. Process 4181391 has 1.02 GiB memory in use. Process 4181360 has 1.29 GiB memory in use. Process 4184610 has 1.06 GiB memory in use. Process 4184598 has 880.00 MiB memory in use. Process 4184603 has 828.00 MiB memory in use. Process 4184604 has 1.37 GiB memory in use. Process 4184607 has 422.00 MiB memory in use. Process 4184993 has 794.00 MiB memory in use. Process 4184995 has 450.00 MiB memory in use. Process 4185001 has 1.37 GiB memory in use. Process 4185000 has 986.00 MiB memory in use. Process 4184994 has 1.07 GiB memory in use. Process 4185384 has 910.00 MiB memory in use. Process 4185385 has 1.13 GiB memory in use. Process 4185379 has 456.00 MiB memory in use. Process 4185392 has 868.00 MiB memory in use. Process 4185389 has 1.15 GiB memory in use. Process 4185773 has 1.05 GiB memory in use. Process 4185776 has 788.00 MiB memory in use. Process 4185770 has 1.01 GiB memory in use. Process 4185779 has 784.00 MiB memory in use. Process 4185782 has 1.12 GiB memory in use. Of the allocated memory 78.47 MiB is allocated by PyTorch, and 39.53 MiB is reserved by PyTorch but unallocated. If reserved but unallocated memory is large try setting max_split_size_mb to avoid fragmentation.  See documentation for Memory Management and PYTORCH_CUDA_ALLOC_CONF","  File ""/home/amparo/unicamp_hyper3/M4-Framework-Experiments/experiments/experiment_executor/ray_tune_search_/hyperparameters_search.py"", line 119, in my_objective_function
    result = h_search_unit(

  File ""/home/amparo/unicamp_hyper3/M4-Framework-Experiments/experiments/experiment_executor/ray_tune_search_/h_search_unit.py"", line 23, in h_search_unit
    experiment_result = run_basic_experiment(

  File ""/home/amparo/unicamp_hyper3/M4-Framework-Experiments/experiments/experiment_executor/ray_tune_search_/basic/run_basic_experiment.py"", line 151, in run_basic_experiment
    datasets = do_reduce(

  File ""/home/amparo/unicamp_hyper3/M4-Framework-Experiments/experiments/experiment_executor/ray_tune_search_/basic/do_reduce.py"", line 144, in do_reduce
    {dset_name: transformer(datasets[dset_name]) for dset_name in apply_only_in}

  File ""/home/amparo/unicamp_hyper3/M4-Framework-Experiments/experiments/experiment_executor/ray_tune_search_/basic/do_reduce.py"", line 144, in <dictcomp>
    {dset_name: transformer(datasets[dset_name]) for dset_name in apply_only_in}

  File ""/home/amparo/unicamp_hyper3/M4-Framework-Experiments/experiments/.local/lib/python3.10/site-packages/librep/datasets/multimodal/transformer.py"", line 523, in __call__
    new_X = window_transform.the_transform.transform(X=X)

  File ""/home/amparo/unicamp_hyper3/M4-Framework-Experiments/experiments/.local/lib/python3.10/site-packages/librep/transforms/simclr_full.py"", line 57, in transform
    embeddings = intermediate_model(test_data).cpu().detach().numpy()

  File ""/home/amparo/unicamp_hyper3/M4-Framework-Experiments/experiments/.local/lib/python3.10/site-packages/torch/nn/modules/module.py"", line 1518, in _wrapped_call_impl
    return self._call_impl(*args, **kwargs)

  File ""/home/amparo/unicamp_hyper3/M4-Framework-Experiments/experiments/.local/lib/python3.10/site-packages/torch/nn/modules/module.py"", line 1527, in _call_impl
    return forward_call(*args, **kwargs)

  File ""/home/amparo/unicamp_hyper3/M4-Framework-Experiments/experiments/.local/lib/python3.10/site-packages/librep/estimators/simclr/torch/models/model_base.py"", line 25, in forward
    x = self.relu(x)

  File ""/home/amparo/unicamp_hyper3/M4-Framework-Experiments/experiments/.local/lib/python3.10/site-packages/torch/nn/modules/module.py"", line 1518, in _wrapped_call_impl
    return self._call_impl(*args, **kwargs)

  File ""/home/amparo/unicamp_hyper3/M4-Framework-Experiments/experiments/.local/lib/python3.10/site-packages/torch/nn/modules/module.py"", line 1527, in _call_impl
    return forward_call(*args, **kwargs)

  File ""/home/amparo/unicamp_hyper3/M4-Framework-Experiments/experiments/.local/lib/python3.10/site-packages/torch/nn/modules/activation.py"", line 101, in forward
    return F.relu(input, inplace=self.inplace)

  File ""/home/amparo/unicamp_hyper3/M4-Framework-Experiments/experiments/.local/lib/python3.10/site-packages/torch/nn/functional.py"", line 1471, in relu
    result = torch.relu(input)
"
